BLOCK_TIMESTAMP,BLOCK_ID,TX_ID,RECENT_BLOCK_HASH,SIGNERS,FEE,SUCCEEDED,ACCOUNT_KEYS,PRE_BALANCES,POST_BALANCES,PRE_TOKEN_BALANCES,POST_TOKEN_BALANCES,INSTRUCTIONS,INNER_INSTRUCTIONS,LOG_MESSAGES,UNITS_CONSUMED,UNITS_LIMIT,TX_SIZE,TX_INDEX,FACT_TRANSACTIONS_ID,INSERTED_TIMESTAMP,MODIFIED_TIMESTAMP
2022-01-11 02:42:41.000,115696267,3MKBxHRrza6DZScNmy3cSE1c77eBe4ibSsD9VVPFQFtvdnAGZDH2C7WuYskWwMYZHJnRHmTejDdaShVnBoBaZK8T,8UmUtVwz8S8ukCksiiRqCVF28bMiGxKZRh5dHbzTswAQ,"[""JTmFx5zX9mM94itfk2nQcJnQQDPjcv4UPD7SYj6xDCV""]",5000,false,"[{""pubkey"":""JTmFx5zX9mM94itfk2nQcJnQQDPjcv4UPD7SYj6xDCV"",""signer"":true,""writable"":true},{""pubkey"":""JBu1AL4obBcCMqKBBxhpWCNUt136ijcuMZLFvTP7iWdB"",""signer"":false,""writable"":true},{""pubkey"":""SysvarC1ock11111111111111111111111111111111"",""signer"":false,""writable"":false},{""pubkey"":""FsJ3A3u2vn5cTVofAjvy6y5kwABJAqYWpe4975bi2epH"",""signer"":false,""writable"":false}]","[123540110000,23942400,1169280,1141440]","[123540105000,23942400,1169280,1141440]","[]","[]","[{""accounts"":[""JTmFx5zX9mM94itfk2nQcJnQQDPjcv4UPD7SYj6xDCV"",""JBu1AL4obBcCMqKBBxhpWCNUt136ijcuMZLFvTP7iWdB"",""SysvarC1ock11111111111111111111111111111111""],""data"":""6mJFQAEssWECZ33ewGbTZ7PZgGBv7DdQyhvhJjn8ow1dH6v1WnheEj"",""programId"":""FsJ3A3u2vn5cTVofAjvy6y5kwABJAqYWpe4975bi2epH""}]","[]","[""Program FsJ3A3u2vn5cTVofAjvy6y5kwABJAqYWpe4975bi2epH invoke [1]"",""Program FsJ3A3u2vn5cTVofAjvy6y5kwABJAqYWpe4975bi2epH consumed 710 of 200000 compute units"",""Program FsJ3A3u2vn5cTVofAjvy6y5kwABJAqYWpe4975bi2epH failed: invalid program argument""]",710,200000,276,"null",22bd6a43e7956c012df0ba925cde9fcd,2000-01-01 00:00:00.000,2000-01-01 00:00:00.000
2022-01-11 02:42:41.000,115696267,wnRjQbcoyiVxZ1bZTNWfBm1pfV7rnpsgRC9J8UhrA1chcGcRayG18YHpYeju1ycJMygS8B7LTYvLKycRRbv42pz,AWr4kFmoh2BPayu5uy7wxarR1z6ppaJu1eLTMvv9tsfp,"[""2V7t5NaKY7aGkwytCWQgvUYZfEr9XMwNChhJEakTExk6""]",5000,true,"[{""pubkey"":""2V7t5NaKY7aGkwytCWQgvUYZfEr9XMwNChhJEakTExk6"",""signer"":true,""writable"":true},{""pubkey"":""8JPJJkmDScpcNmBRKGZuPuG2GYAveQgP3t5gFuMymwvF"",""signer"":false,""writable"":true},{""pubkey"":""SysvarC1ock11111111111111111111111111111111"",""signer"":false,""writable"":false},{""pubkey"":""FsJ3A3u2vn5cTVofAjvy6y5kwABJAqYWpe4975bi2epH"",""signer"":false,""writable"":false}]","[269196535000,23942400,1169280,1141440]","[269196530000,23942400,1169280,1141440]","[]","[]","[{""accounts"":[""2V7t5NaKY7aGkwytCWQgvUYZfEr9XMwNChhJEakTExk6"",""8JPJJkmDScpcNmBRKGZuPuG2GYAveQgP3t5gFuMymwvF"",""SysvarC1ock11111111111111111111111111111111""],""data"":""6mJFQAEssWECZ33ewGbTZLW5gXhPjRZ56YqGKw7RieC1UYX7X32qWf"",""programId"":""FsJ3A3u2vn5cTVofAjvy6y5kwABJAqYWpe4975bi2epH""}]","[]","[""Program FsJ3A3u2vn5cTVofAjvy6y5kwABJAqYWpe4975bi2epH invoke [1]"",""Program FsJ3A3u2vn5cTVofAjvy6y5kwABJAqYWpe4975bi2epH consumed 26768 of 200000 compute units"",""Program FsJ3A3u2vn5cTVofAjvy6y5kwABJAqYWpe4975bi2epH success""]",26768,200000,276,"null",5c37a69379cda5db89a0e011119e5fbe,2000-01-01 00:00:00.000,2000-01-01 00:00:00.000
2022-01-11 02:42:41.000,115696267,2wv1JRQW5KkxuU5K3wSiGpXXeu2H3z64LN3aB3Fan9395RtbYAwUYQVhEXnAa1vZW4gGNnTppU2Humg7oB9u9Cix,AWr4kFmoh2BPayu5uy7wxarR1z6ppaJu1eLTMvv9tsfp,"[""JTmFx5zX9mM94itfk2nQcJnQQDPjcv4UPD7SYj6xDCV""]",5000,true,"[{""pubkey"":""JTmFx5zX9mM94itfk2nQcJnQQDPjcv4UPD7SYj6xDCV"",""signer"":true,""writable"":true},{""pubkey"":""HkGEau5xY1e8REXUFbwvWWvyJGywkgiAZZFpryyraWqJ"",""signer"":false,""writable"":true},{""pubkey"":""SysvarC1ock11111111111111111111111111111111"",""signer"":false,""writable"":false},{""pubkey"":""FsJ3A3u2vn5cTVofAjvy6y5kwABJAqYWpe4975bi2epH"",""signer"":false,""writable"":false}]","[123540025000,23942400,1169280,1141440]","[123540020000,23942400,1169280,1141440]","[]","[]","[{""accounts"":[""JTmFx5zX9mM94itfk2nQcJnQQDPjcv4UPD7SYj6xDCV"",""HkGEau5xY1e8REXUFbwvWWvyJGywkgiAZZFpryyraWqJ"",""SysvarC1ock11111111111111111111111111111111""],""data"":""6mJFQAEssWE8edQADBhd4M3VS7eQDvDyz2TiwH9twD1ez26Foz2Zqh"",""programId"":""FsJ3A3u2vn5cTVofAjvy6y5kwABJAqYWpe4975bi2epH""}]","[]","[""Program FsJ3A3u2vn5cTVofAjvy6y5kwABJAqYWpe4975bi2epH invoke [1]"",""Program FsJ3A3u2vn5cTVofAjvy6y5kwABJAqYWpe4975bi2epH consumed 614 of 200000 compute units"",""Program FsJ3A3u2vn5cTVofAjvy6y5kwABJAqYWpe4975bi2epH success""]",614,200000,276,"null",233aa8c41e792451fab44580ab65acee,2000-01-01 00:00:00.000,2000-01-01 00:00:00.000
2022-01-11 02:42:41.000,115696267,67HM6zafSSZoTmAWVmmswdbC2EpbQVxtrvVcE8XbDqzXz5zEuZ1rsUNeb8WfCHtDFqqkZH3ko2G9B8XhmBjUdHy8,EzPPNWbbQxeBF36sLsSmcKVH9h946G51FBLG1pqwaLCk,"[""7Sur3cy2efJGv8Qomn35p5k6HqMMcE8juWMBX8sCc96r""]",5000,false,"[{""pubkey"":""7Sur3cy2efJGv8Qomn35p5k6HqMMcE8juWMBX8sCc96r"",""signer"":true,""writable"":true},{""pubkey"":""5ALDzwcRJfSyGdGyhP3kP628aqBNHZzLuVww7o9kdspe"",""signer"":false,""writable"":true},{""pubkey"":""SysvarC1ock11111111111111111111111111111111"",""signer"":false,""writable"":false},{""pubkey"":""FsJ3A3u2vn5cTVofAjvy6y5kwABJAqYWpe4975bi2epH"",""signer"":false,""writable"":false}]","[32950475000,23942400,1169280,1141440]","[32950470000,23942400,1169280,1141440]","[]","[]","[{""accounts"":[""7Sur3cy2efJGv8Qomn35p5k6HqMMcE8juWMBX8sCc96r"",""5ALDzwcRJfSyGdGyhP3kP628aqBNHZzLuVww7o9kdspe"",""SysvarC1ock11111111111111111111111111111111""],""data"":""6mJFQAEssWECZ33ewGbTZ4TNEbLGZQH2vn1zFAXqRyHh8kgLdMEp71"",""programId"":""FsJ3A3u2vn5cTVofAjvy6y5kwABJAqYWpe4975bi2epH""}]","[]","[""Program FsJ3A3u2vn5cTVofAjvy6y5kwABJAqYWpe4975bi2epH invoke [1]"",""Program FsJ3A3u2vn5cTVofAjvy6y5kwABJAqYWpe4975bi2epH consumed 630 of 200000 compute units"",""Program FsJ3A3u2vn5cTVofAjvy6y5kwABJAqYWpe4975bi2epH failed: invalid program argument""]",630,200000,276,"null",6f698326f5ad72cd18fa052f2ad5690d,2000-01-01 00:00:00.000,2000-01-01 00:00:00.000
2022-01-11 02:42:41.000,115696267,2cYdG99FCmkZZRahKzg7dd7xbSAw1iPn8zyeTEPywrTymCM3g87n45R7rFDfNXFCsHanvxnJEjDZ34ZHo5nNuyWB,22woRYdo1CVN4HkBvn9vFPnoM3dzivFtqdvUtXtFjukw,"[""HXnWFNs2oSfcYUojy1tAW4P3EQTamPTNSduEhPhWCCXN""]",5000,true,"[{""pubkey"":""HXnWFNs2oSfcYUojy1tAW4P3EQTamPTNSduEhPhWCCXN"",""signer"":true,""writable"":true},{""pubkey"":""3vxLXJqLqF3JG5TCbYycbKWRBbCJQLxQmBGCkyqEEefL"",""signer"":false,""writable"":true},{""pubkey"":""SysvarC1ock11111111111111111111111111111111"",""signer"":false,""writable"":false},{""pubkey"":""FsJ3A3u2vn5cTVofAjvy6y5kwABJAqYWpe4975bi2epH"",""signer"":false,""writable"":false}]","[37706515000,23942400,1169280,1141440]","[37706510000,23942400,1169280,1141440]","[]","[]","[{""accounts"":[""HXnWFNs2oSfcYUojy1tAW4P3EQTamPTNSduEhPhWCCXN"",""3vxLXJqLqF3JG5TCbYycbKWRBbCJQLxQmBGCkyqEEefL"",""SysvarC1ock11111111111111111111111111111111""],""data"":""6mJFQAEssWECZ33ewGbTZ5CZCwQXgtEggijzStAY6sievwBzPqYZ3u"",""programId"":""FsJ3A3u2vn5cTVofAjvy6y5kwABJAqYWpe4975bi2epH""}]","[]","[""Program FsJ3A3u2vn5cTVofAjvy6y5kwABJAqYWpe4975bi2epH invoke [1]"",""Program FsJ3A3u2vn5cTVofAjvy6y5kwABJAqYWpe4975bi2epH consumed 582 of 200000 compute units"",""Program FsJ3A3u2vn5cTVofAjvy6y5kwABJAqYWpe4975bi2epH success""]",582,200000,276,"null",3bd54f7c100ab20017bd87cd152c572f,2000-01-01 00:00:00.000,2000-01-01 00:00:00.000
2022-01-11 02:42:41.000,115696267,33GMUquzzJ4YVTpG4c4hRxQWLz1BMsEoLmWxe5gdQvn8QKaQtCMrtT9WThTXKgvZsJi62xiWZVAJ8k4SJndiLkUG,8UmUtVwz8S8ukCksiiRqCVF28bMiGxKZRh5dHbzTswAQ,"[""EKZYBqisdcsn3shN1rQRuWTzH3iqMbj1dxFtDFmrBi8o""]",5000,true,"[{""pubkey"":""EKZYBqisdcsn3shN1rQRuWTzH3iqMbj1dxFtDFmrBi8o"",""signer"":true,""writable"":true},{""pubkey"":""GAD1XUUU6pU41LZXMbBzbKDT5SGB1nSamFosF2HrX23s"",""signer"":false,""writable"":true},{""pubkey"":""SysvarC1ock11111111111111111111111111111111"",""signer"":false,""writable"":false},{""pubkey"":""FsJ3A3u2vn5cTVofAjvy6y5kwABJAqYWpe4975bi2epH"",""signer"":false,""writable"":false}]","[36020565000,23942400,1169280,1141440]","[36020560000,23942400,1169280,1141440]","[]","[]","[{""accounts"":[""EKZYBqisdcsn3shN1rQRuWTzH3iqMbj1dxFtDFmrBi8o"",""GAD1XUUU6pU41LZXMbBzbKDT5SGB1nSamFosF2HrX23s"",""SysvarC1ock11111111111111111111111111111111""],""data"":""6mJFQAEssWECZ33ewGbTZRFGukbPRUjMAqC4KTKVs3xvYnJkRegNZd"",""programId"":""FsJ3A3u2vn5cTVofAjvy6y5kwABJAqYWpe4975bi2epH""}]","[]","[""Program FsJ3A3u2vn5cTVofAjvy6y5kwABJAqYWpe4975bi2epH invoke [1]"",""Program FsJ3A3u2vn5cTVofAjvy6y5kwABJAqYWpe4975bi2epH consumed 9990 of 200000 compute units"",""Program FsJ3A3u2vn5cTVofAjvy6y5kwABJAqYWpe4975bi2epH success""]",9990,200000,276,"null",b3238d58286932ca4b76f77deb4e6f12,2000-01-01 00:00:00.000,2000-01-01 00:00:00.000
2022-01-11 02:42:41.000,115696267,662UeFPBT84BDAY6pK9VYyyAC9ZiwGZbMqnSpQj81kc6wjrpUNtujGv7uZB6K6MKpEG7yKfNEzs9CXtW4HFggTRn,EzPPNWbbQxeBF36sLsSmcKVH9h946G51FBLG1pqwaLCk,"[""HfeFy4G9r77iyeXdbfNJjYw4z3NPEKDL6YQh3JzJ9s9f""]",5000,false,"[{""pubkey"":""HfeFy4G9r77iyeXdbfNJjYw4z3NPEKDL6YQh3JzJ9s9f"",""signer"":true,""writable"":true},{""pubkey"":""5bmWuR1dgP4avtGYMNKLuxumZTVKGgoN2BCMXWDNL9nY"",""signer"":false,""writable"":true},{""pubkey"":""SysvarC1ock11111111111111111111111111111111"",""signer"":false,""writable"":false},{""pubkey"":""FsJ3A3u2vn5cTVofAjvy6y5kwABJAqYWpe4975bi2epH"",""signer"":false,""writable"":false}]","[35301955000,23942400,1169280,1141440]","[35301950000,23942400,1169280,1141440]","[]","[]","[{""accounts"":[""HfeFy4G9r77iyeXdbfNJjYw4z3NPEKDL6YQh3JzJ9s9f"",""5bmWuR1dgP4avtGYMNKLuxumZTVKGgoN2BCMXWDNL9nY"",""SysvarC1ock11111111111111111111111111111111""],""data"":""6mJFQAEssWECZ33ewGbTZKzLtAraN6xEn2fv7dBnvvY8t1PvoM6Mmq"",""programId"":""FsJ3A3u2vn5cTVofAjvy6y5kwABJAqYWpe4975bi2epH""}]","[]","[""Program FsJ3A3u2vn5cTVofAjvy6y5kwABJAqYWpe4975bi2epH invoke [1]"",""Program FsJ3A3u2vn5cTVofAjvy6y5kwABJAqYWpe4975bi2epH consumed 598 of 200000 compute units"",""Program FsJ3A3u2vn5cTVofAjvy6y5kwABJAqYWpe4975bi2epH failed: invalid program argument""]",598,200000,276,"null",4e40bb4374ad489ffda039e7a3b217f3,2000-01-01 00:00:00.000,2000-01-01 00:00:00.000
2022-01-11 02:42:41.000,115696267,iuZhWUojkeQSHg8w2aCefweuyDs9p6whobo7pSgWFHM5dQG78yaQpA5dPMcfc6uqB1gqfye7ef8hw8kHqoX8WPy,FY4XY3djKZpEG5we9jjVC4MJn3uPuKskuFjKW9qTFHk4,"[""2oz91K9pKf2sYr4oRtQvxBcxxo8gniZvXyNoMTQYhoqv""]",5000,true,"[{""pubkey"":""2oz91K9pKf2sYr4oRtQvxBcxxo8gniZvXyNoMTQYhoqv"",""signer"":true,""writable"":true},{""pubkey"":""JBu1AL4obBcCMqKBBxhpWCNUt136ijcuMZLFvTP7iWdB"",""signer"":false,""writable"":true},{""pubkey"":""SysvarC1ock11111111111111111111111111111111"",""signer"":false,""writable"":false},{""pubkey"":""FsJ3A3u2vn5cTVofAjvy6y5kwABJAqYWpe4975bi2epH"",""signer"":false,""writable"":false}]","[38426960000,23942400,1169280,1141440]","[38426955000,23942400,1169280,1141440]","[]","[]","[{""accounts"":[""2oz91K9pKf2sYr4oRtQvxBcxxo8gniZvXyNoMTQYhoqv"",""JBu1AL4obBcCMqKBBxhpWCNUt136ijcuMZLFvTP7iWdB"",""SysvarC1ock11111111111111111111111111111111""],""data"":""6mJFQAEssWECZ33ewGbTZPW1pc1r7FGCCGTtK71yXRDD2Cjatirsou"",""programId"":""FsJ3A3u2vn5cTVofAjvy6y5kwABJAqYWpe4975bi2epH""}]","[]","[""Program FsJ3A3u2vn5cTVofAjvy6y5kwABJAqYWpe4975bi2epH invoke [1]"",""Program FsJ3A3u2vn5cTVofAjvy6y5kwABJAqYWpe4975bi2epH consumed 582 of 200000 compute units"",""Program FsJ3A3u2vn5cTVofAjvy6y5kwABJAqYWpe4975bi2epH success""]",582,200000,276,"null",e2b9a72865a5bb6f7402e151cdd0f140,2000-01-01 00:00:00.000,2000-01-01 00:00:00.000
2022-01-11 02:42:41.000,115696267,12A9RaM7dt8Gkk4hCZobTLdEvEog3YPZa9AYkRpriWe5CN6MCyQjjy5mAMJ5SARjsdC7xHDJtdf52y2kxudiZF7V,22woRYdo1CVN4HkBvn9vFPnoM3dzivFtqdvUtXtFjukw,"[""FJwFtQFEyKEA4M6ZTrosTRPJphEpDA9ckUeMq9pRJdd4""]",5000,true,"[{""pubkey"":""FJwFtQFEyKEA4M6ZTrosTRPJphEpDA9ckUeMq9pRJdd4"",""signer"":true,""writable"":true},{""pubkey"":""Crn5beRFeyj4Xw13E2wdJ9YkkLLEZzKYmtTV4LFDx3MN"",""signer"":false,""writable"":true},{""pubkey"":""3WptgZZu34aiDrLMUiPntTYZGNZ72yT1yxHYxSdbTArX"",""signer"":false,""writable"":true},{""pubkey"":""CUMDMV9KtE22RUZECUNHxiq7FmUiRusyKa1rHUJfRptq"",""signer"":false,""writable"":true},{""pubkey"":""9xQeWvG816bUx9EPjHmaT23yvVM2ZWbrrpZb9PusVFin"",""signer"":false,""writable"":false},{""pubkey"":""11111111111111111111111111111111"",""signer"":false,""writable"":false}]","[484919215000,23357760,3591360,1825496640,1141440,1]","[484919210000,23357760,3591360,1825496640,1141440,1]","[]","[]","[{""accounts"":[""Crn5beRFeyj4Xw13E2wdJ9YkkLLEZzKYmtTV4LFDx3MN"",""3WptgZZu34aiDrLMUiPntTYZGNZ72yT1yxHYxSdbTArX"",""CUMDMV9KtE22RUZECUNHxiq7FmUiRusyKa1rHUJfRptq"",""3WptgZZu34aiDrLMUiPntTYZGNZ72yT1yxHYxSdbTArX"",""3WptgZZu34aiDrLMUiPntTYZGNZ72yT1yxHYxSdbTArX""],""data"":""12VeXEVRR"",""programId"":""9xQeWvG816bUx9EPjHmaT23yvVM2ZWbrrpZb9PusVFin""},{""parsed"":{""info"":{""destination"":""FJwFtQFEyKEA4M6ZTrosTRPJphEpDA9ckUeMq9pRJdd4"",""lamports"":6918,""source"":""FJwFtQFEyKEA4M6ZTrosTRPJphEpDA9ckUeMq9pRJdd4""},""type"":""transfer""},""program"":""system"",""programId"":""11111111111111111111111111111111""}]","[]","[""Program 9xQeWvG816bUx9EPjHmaT23yvVM2ZWbrrpZb9PusVFin invoke [1]"",""Program 9xQeWvG816bUx9EPjHmaT23yvVM2ZWbrrpZb9PusVFin consumed 7272 of 200000 compute units"",""Program 9xQeWvG816bUx9EPjHmaT23yvVM2ZWbrrpZb9PusVFin success"",""Program 11111111111111111111111111111111 invoke [1]"",""Program 11111111111111111111111111111111 success""]",7272,200000,325,"null",324cdeb571c76ebbc87e53aabd233d3d,2000-01-01 00:00:00.000,2000-01-01 00:00:00.000
2022-01-11 02:42:41.000,115696267,5eRViWMWA9MqY1ijv9756ce2awEkdM6qKan5G3rcinEHtTSVwMBSigmzCRoaQ4CsEWwmDPuxHSrhZBrZxeWw9sir,FY4XY3djKZpEG5we9jjVC4MJn3uPuKskuFjKW9qTFHk4,"[""2oz91K9pKf2sYr4oRtQvxBcxxo8gniZvXyNoMTQYhoqv""]",5000,true,"[{""pubkey"":""2oz91K9pKf2sYr4oRtQvxBcxxo8gniZvXyNoMTQYhoqv"",""signer"":true,""writable"":true},{""pubkey"":""GVXRSBjFk6e6J3NbVPXohDJetcTjaeeuykUpbQF8UoMU"",""signer"":false,""writable"":true},{""pubkey"":""SysvarC1ock11111111111111111111111111111111"",""signer"":false,""writable"":false},{""pubkey"":""FsJ3A3u2vn5cTVofAjvy6y5kwABJAqYWpe4975bi2epH"",""signer"":false,""writable"":false}]","[38426950000,23942400,1169280,1141440]","[38426945000,23942400,1169280,1141440]","[]","[]","[{""accounts"":[""2oz91K9pKf2sYr4oRtQvxBcxxo8gniZvXyNoMTQYhoqv"",""GVXRSBjFk6e6J3NbVPXohDJetcTjaeeuykUpbQF8UoMU"",""SysvarC1ock11111111111111111111111111111111""],""data"":""6mJFQAEssWECZ33ewGbTZ4WxyqFBPgpp5F5v4Qca5sxvCEU3sK9Juu"",""programId"":""FsJ3A3u2vn5cTVofAjvy6y5kwABJAqYWpe4975bi2epH""}]","[]","[""Program FsJ3A3u2vn5cTVofAjvy6y5kwABJAqYWpe4975bi2epH invoke [1]"",""Program FsJ3A3u2vn5cTVofAjvy6y5kwABJAqYWpe4975bi2epH consumed 574 of 200000 compute units"",""Program FsJ3A3u2vn5cTVofAjvy6y5kwABJAqYWpe4975bi2epH success""]",574,200000,276,"null",f38695e9a3969594731fe719cabf801d,2000-01-01 00:00:00.000,2000-01-01 00:00:00.000
ï»¿