SWAPPER,UNIQUE_TOKENS_TRADED,AVERAGE_ROI,EXPECTED_ROI,WALLET_STATUS
AVhW1z2mnvmYNFyao2WGa5zZ8GxpJ3ZsC6TiNxMNqEfG,4,8.623895846,8.623895846,ACTIVE
BDMeRPkb8b1SpF6XYiKg24ewdtmV7QKKXJxRJPqKzDjs,2,1.08690549,1.08690549,CHURNED
E3Y3RupBFSzoCK7v4y8PMJPr2EggUdq14uQEquuCjP1t,7,1.080888784,1.080887704,CHURNED
Ck2nGGW3QMeMgjv5yCzgKksGsVRJxAFCNiUTAQhHs7Vb,3,1.061951422,1.06195036,ACTIVE
Fxu4KqvCep2t9tstU9E3UPF81FezwEobPnd2ajsPnWXa,2,1.016276758,1.016276758,CHURNED
9tTyaef17EsYdn6JrurWnE8hraK2otbhUREUsARH5Kzd,2,0.9730894039,0.9730894039,CHURNED
JBcv9uUEfb6j9rZSFv4U9K3hfx48Ss8RdZ4tdwb3Nc4Y,19,0.7418475045,0.7418538338,CHURNED
Epu8JN7uAKgYivugzvxnPJXjBYs79SGemuXGgiW86ruZ,11,0.5848351063,0.5848345214,CHURNED
4LbGbFQ4WUbVFDS6mownS2fmKEoLQuJyHuEi1iKyorT5,6,0.5422642252,0.5422642086,CHURNED
E8NBaMorqK2YQsWf575ihsAfENRNQDAuXsLz6pXoDiRA,4,0.5145418726,0.5145418726,CHURNED
BawJWsEqKz4mCzjFTeQWJMqjPjmnC9wrX3BPmYgQK3o6,5,0.507758621,0.507758621,CHURNED
2B9t5odqsCi1ASY5SufsiV76zKkDtz8qDmMG2dF2QTYt,28,0.4843401008,0.4843394525,CHURNED
6Vr4BNB2ozsYCoh2zx1sMhA8Eanb2hUkDhTP1x1YJiCm,5,0.4803880978,0.4803880978,CHURNED
AkmFv7CzT53kMJ1qrNEHND7GmFcn9bGhqsejqcxyCGkJ,7,0.4464902228,0.4464897764,CHURNED
EHHU7mW8jL4V8q49u7YzELteGWuCxrvmzvFN5jXGQF7y,2,0.3564091759,0.3564091759,CHURNED
H9B755e9QmXdhwnF5s2T84fvP7CYbKAL4gWDL6mpGtbN,210,0.3397181986,0.3397182961,ACTIVE
Dhpv4M6MDBDGV17Er6Gnm3x6aHgTNwuQWtkQYDr7Quyb,2,0.329558924,0.329558924,CHURNED
E6t2BQ8FnZP7MfxJomRxCDiQnCKN5VqrVu4fcgN7MpqX,6,0.3128124826,0.3128129028,ACTIVE
741QwVfa8EDuCUWNPPXQ92AskqFS7z2XFEftYt7rjcq7,12,0.3026405899,0.3026407656,ACTIVE
B7ERZFCHu6AyQPj2LkSTomZpDE19ggzUPjWjpFzJ8voG,146,0.3003207764,0.3003200272,ACTIVE
4bFKpzGCATiU2px7cCij6Nh6TMJmXypJghurZkJVbeSc,47,0.2996585269,0.2996597391,CHURNED
WCSnijKH5XJnwHtqRyqhbobHNttcAdrFGn9vZ43odbT,9,0.279246801,0.2792465218,CHURNED
7uw8K3Er9fG88YJb12dqyBspXWNHL21tTj2P3y3q9Zz5,183,0.2623312359,0.2623310745,CHURNED
B8YwitidWH5crRpWGYSFYZzJQRxDbPLE7EoZcHZEPwHq,26,0.2520661164,0.2520661043,ACTIVE
Ck56hBFZVPBtru9nhWAKjyBnRTUx7osqDmMvf9KPRXnM,5,0.2453244979,0.2453244979,CHURNED
GxAm7cXiph1Z8uer4XZsqfEP3MDBNHHtLBZrSbmYVcGG,401,0.2299902285,0.2299901839,ACTIVE
GAXmrQdeGu5FcM8fdrhKzPHM1VUtqbkLaVV6LZBL8WXo,7,0.20462899,0.2046287854,CHURNED
8Gk8W9wnT2skgaojtjnG6hTpK85EtxVGHeYuwvBtKzJ9,59,0.1991542136,0.1991545036,CHURNED
8jCxRam7LxpBU3aq2eGcAoqPkhmuaVgwuCQWQQ2yiJro,58,0.1892589033,0.1892601528,CHURNED
2jphSG3a59Z7vevByL3K4D1ZeFhj7Kcr2NM35kBqeXWD,6,0.183972046,0.1839720175,CHURNED
AJckw82XrFLKbz8KxsUiJJhD1XQy3gwE8skMTxqSx87q,1,0.1735446911,0.1735446911,CHURNED
AYv1Q7RBrUnaEtHrU4BfRRXBjEXe6WWhCuUeP2539mxz,22,0.1687944087,0.1687942867,ACTIVE
znmT9wVqFpSotMr9w43ZK3XVvY8pxyXRdWdPa7XrHem,23,0.1631680839,0.163168507,ACTIVE
58X57rizwLjMqG4MhQFWcRoEGLjvu3KoMq9HAQUPThwk,12,0.1627479252,0.1627476018,ACTIVE
DCX5xKrN3V75zDPMEy84Hgy5eH1HFNFvpFR81msSKKU6,8,0.1586710678,0.1586710678,CHURNED
WRFTNiAMKv4Tuwt3Lv6eEoYznSyaKxGcMQVxDfsd2SU,5,0.1575355698,0.1575355698,CHURNED
7K5nVGCkB7mt8VXKTG2fDHPeUaAzb3Uow6sU1i2T1URm,29,0.1426815772,0.1426808173,CHURNED
Gtd3sRS1rYfS2BZPFrTn3jBYnHy8AFwPJwG63zpoo16P,12,0.1413781429,0.1413772128,ACTIVE
DZkJFaEMpDChxfwNn35quRVW3roEVNvP3efGYZ8zDF5k,2,0.1386602537,0.1386602537,CHURNED
BHFjwxit1rPe6J3pVHQuhYwYzi4CsGKQCTATTyLfzd7V,14,0.1303605671,0.1303618199,ACTIVE
Gtp2cttYbgX3xm5xBMxovgUDT1nCnNKnQbaVjCBctgkm,141,0.1225918433,0.1225915195,CHURNED
62PB52UCbxZVYKT6ZkP7aYm1u84pPQedxY6wkhgMKgUA,34,0.1219879375,0.1219888461,CHURNED
6JZn6y3AfpZxBmtMMzfp7qr4CeWckKMpb6z1Vb3gjXFs,8,0.1174564616,0.1174564616,CHURNED
DRmPr7aCU4TUgz22V5wFkXAzWSppMSU76xgz38hWLzm5,33,0.1174190973,0.1174189798,ACTIVE
GH2Az4hkMtEKF6CPkHdxc8ZQe4h8WqBn4MDbovH5NbLa,20,0.1154677519,0.1154677519,ACTIVE
8QVTnwdCn79gkBNjnVp2pMDdzj4W8NZu8iBaRCSxUSHm,5,0.1129048132,0.1129048132,CHURNED
23RxA4vQB6Avpq6QAeQU1Je5CWtTGjV9j8TbKCDHpdRE,1111,0.1124253421,0.1124263649,ACTIVE
2pLLCMmEF9yuHzk6BKUJw1cbdFfJHYr9UtD7RxSzaVJw,38,0.1117008312,0.1116994819,CHURNED
DhSHQVzHNLeBXf2HA1epZXbkhG3irbDyqqSoQomdrBvh,53,0.108194682,0.1081949116,CHURNED
5mYnDShxEd6oQa8utrvBzb8eQpg2ZUM1FbWgfzKPQeNF,2,0.1063102565,0.1063102565,CHURNED
6d12nWjE1mSpZUAYkzFYKcjTHHVnNBMCayB3dosvCaZk,670,0.09578393212,0.09578324561,ACTIVE
6ebiHNJuvrC5U79BGzGqMHuscuRHEv1igmCZJDoP7icU,14,0.0889319461,0.08893180027,ACTIVE
Hq9K1hKtX8KDQZjAgDgvRWTyBFeyZraQGv5ge7475Bn2,8,0.08529949599,0.08529949599,CHURNED
2vrP5JiHgx3KZ4TCsVHGS1iDpZUx2X8GsXLRTZqi2pbt,19,0.0782565397,0.07825694645,CHURNED
EpUDHYVbiQ5J4tBqDgQW9KiCKkgcz5qbGKRtonzpSajK,396,0.07767867567,0.07767865936,ACTIVE
6W5ktxvSpiWWUpuq8SEhE68XySqGTqJL2igMbvMBvShp,10,0.07693391488,0.07693391488,ACTIVE
4pz4bcKvvKCfdrRxgf5kcRF8vsGVF5sCLNHq7KUBeY32,23,0.07486710505,0.07486709426,CHURNED
CNwW7rDqeGeThw68pc9D4ZANst1uNkKcmXuF2QKoYZQg,29,0.07331489185,0.07331522036,CHURNED
2QdTQBz1G5dzUaUhdhUHtGLdmcGeQmTucseBpAS1bKcT,19,0.07280376707,0.07280389206,CHURNED
9BjA1LXg3qwt2yWLoU69myyqST2CYs7gPkXpRY7TH8Eq,94,0.07068674722,0.07068640345,ACTIVE
EfrsotQM9NCu1UyvM9hEFgvdQz2Cqs8M4nrRcgKYUe4M,7,0.07049738959,0.07049731909,ACTIVE
HfNyfwDALVAmzCDW3RUa2cJB9zqDb7csCK3moJLqusKB,57,0.0701371039,0.07013712965,CHURNED
5uM7gMNMoJQaNNY7njnci9rtmcSNMCsCE7GTG3yvpUQY,9,0.0699502484,0.06995022225,CHURNED
2erhA2zSuxnPBAgmJT93DexzgNBdJ2rM4k8D1kxb5LmS,14,0.06312857954,0.0631288468,CHURNED
BVceKpCoupkRoAh8q3aKK4NFtPS1rdyLpK76oPJnDBxV,182,0.06062359519,0.06062349758,ACTIVE
EiVncHd18VzQ6i9ga2aZp8UcUKK6mC779XTgQfYjqHL1,3,0.05876088576,0.05876083815,CHURNED
Cdsvv5zLQ85Ab9NW8jR8ai67kekDTKTXR3p3JcQSiHR8,21,0.05826755261,0.05826749434,CHURNED
CyompV6MYVjqWP7EZnhYjJbbJ63VGFiR2ayz1k8ECP4c,387,0.0549551046,0.05495523627,ACTIVE
35bC3wNmDYfucch17ZQukWMdtrpHmkQc1SLx5zScTQzh,7,0.0546683461,0.05466832494,CHURNED
92UFYHGxiE3TeAb7D5S5qZJ3UeyqvPhnbtDC6CVvExPf,5,0.05364991962,0.05364991962,CHURNED
BxnATfsMf9sMW7i2jDk3tGyYTy5pzXmSnZAcbj5yvtXP,17,0.05270374249,0.05270409276,CHURNED
6kZ32CyLdKMbX5VoQNNqFSNdk9wQDR4JRTtL5zEMPF4G,118,0.05223126997,0.05223275413,CHURNED
HJ3m1HL3B5d9DyTKjd5Vh4y3Vmqp24c5JxeoWQpL6wif,327,0.05182322261,0.05182250616,ACTIVE
ANu3YYqy8WWmhyv7SYegCUXuyKM6ismZAyScnGTUJDNb,8,0.0499254464,0.0499254464,CHURNED
J7Qsx1tJXBABgdTkGGKiKgLpzP3Hbck3VBN8udNwNXPo,20,0.04627373658,0.04627373658,ACTIVE
4TLMGQn8fWrfKZW53uMmo7mxKHZ6uKhe7mBvGu4x77xb,7,0.04435185669,0.04435188201,CHURNED
3gEHoa38x42Ew8h4kuMAgcAcAyeZGyTXkeCnmuQx7W8W,256,0.0440591707,0.04405696093,CHURNED
7wLsuEqYQjLXPeLMM4eQqdk9UatWQk4VCs5SXrpGm4a1,44,0.04338014702,0.04338097275,CHURNED
GBvdN4NUZsitxPP6cGcD2UHJxyywbAfEWGxTtzudXzLF,5,0.043331286,0.043331286,CHURNED
5Gcst5pLjkNo59278qW8q6S7H6D2qDMnkfKBL8VDBhLZ,11,0.036920787,0.03692075008,ACTIVE
F8y6Xrucm1cUFf1dYRnjFRr17NLQrFGVtoZN9t7KP7cy,5,0.036348048,0.036348048,CHURNED
FKs3vCjnFLgA2S5ixWpPQNV4J5TppHy45pVY3jK8BuPF,44,0.0337044446,0.0337042815,ACTIVE
Cw4xUwY6JodANsvJLRs2qrRa7j9wPo4XCHcHAFALyAGn,59,0.03302467567,0.03302482492,CHURNED
H2odSpDLvAtuHXMcHZAsUeFZgYAob7hs5XF92gwNAU45,7,0.03130143449,0.03130140298,CHURNED
EEixJWcdXxC9BzdzFMYL3mYTpDsj9y7nHHo5CxfmhS72,11,0.03018834065,0.03018831046,CHURNED
CWsZZ9P8EoGaZNvc1YTWoFWR9EP8ViZu4YCQJWNseeF1,82,0.02860828677,0.02860784498,CHURNED
8rQ2xsoeHjRfiYzHnm8iTdVCKUPX7RMcjLE1bS3JxRdR,18,0.02470111734,0.02470113824,ACTIVE
A4eLKKbS3LiBK3TK7f91rZ9q2VsxhmQKu3seBK5dGY88,17,0.02407086407,0.02407137555,ACTIVE
EwRzhKXBH9qJsqsieCELdUuyHUb44AvKQ6CHiAwsHBJe,3,0.0232572806,0.02325712292,CHURNED
6SB4PfrKMHZkEPigUe9zPuZpFqyvWszzVcJUAcSPXgjw,8,0.02248941835,0.02248941835,CHURNED
5Pzh5qUBXQbkHC2dW2UpijdSx9dQ3t8Kwbk85daDa1xC,85,0.02162884458,0.02162799409,ACTIVE
8cB8e6VbPsh9g7FgEBVsm3SmPr5Ffr5RD6DyrxsQzJ9M,9,0.02140716425,0.02140714285,CHURNED
6Svj369xWNDXHAMFkjoDrkYZ6ozfofPSzuQXytfB5LxJ,20,0.02015086698,0.02015086698,ACTIVE
DbxiCzC53NPn4gg3bjboydsyUpoh3Wsm6cSmwPgsdrzW,5,0.020093788,0.020093788,CHURNED
5obQgvcM3Mm1RogwHLSnryVwyb4TvT8PAJGHZvNDUene,10,0.019514416,0.019514416,CHURNED
DefTLhW9C2Rif9u44NUH4y3BNdHmoLAhNR5jQJj1WKtJ,11,0.01908481174,0.01908479265,CHURNED
HWbvB4Rwxbf5zTzjAGZXH5xiYxKqwsCokKNfLHFrHPnc,640,0.0189206,0.01892122232,ACTIVE
3iwDhTm6vWaKG2k59ighScj2Wg8PkQi68qvKvb3JDKnS,21,0.01697841596,0.01697839898,ACTIVE
G7P547aqKL71GJZYHmofUZmUrpP3eZKR5UVPTLc8iDLL,26,0.01686771332,0.01686785849,ACTIVE
97tX7uyZyrvmxt4YsGgtYaXQaYBfozZD9uaJBSQk1EzX,5,0.01533699863,0.01533699863,CHURNED
DM5M8kLf4PEY5WnRYi5HjK6ydsdr8SN1Hv8z55j1FbYn,1030,0.01505314331,0.01505416044,ACTIVE
6znq8TN5mEJiQ3HW9xJgYQjT4Y6sr9km7ZNu6ZBzhQ16,17,0.01293128105,0.01293134125,ACTIVE
jygsEdnCSxCiw2XJRrncV9LkgtydYUHxSGEe2nUZiK5,25,0.01283229353,0.01283229353,ACTIVE
5EFkdtS8y3U9RfHcPqAn5Lf15kYgWk2dCKk8HgkiPWVt,26,0.01281840118,0.01281943233,CHURNED
9PXAzKUTSEknVAhNkkoH8bQWWaGs5rRXSNSJKe7UoLrd,50,0.01231498721,0.01231498721,CHURNED
7JRpgujqWQU5xb3PaFdXZihYsxcLTy6weTriChjYm5FL,14,0.01183516123,0.01183514344,ACTIVE
AErwb7boFW2WVQcJGJa4F6VpM2W1ftMHB7NhtoXqVPp4,24,0.01181068744,0.0118106987,CHURNED
E3VdyL7fTpJH75427VxrEC9cZXvZEH5LRTyWTDHtDVQ4,429,0.01175970794,0.01175971468,ACTIVE
9GUeNpdsrX5CH1krmdgoW95cELwnuBuu2mm6DQH9b7LP,181,0.01169575627,0.01169470985,ACTIVE
DEbWiao2YnNn4utatb54ikH78enfoARvhTMBEAuSa6zN,16,0.01149920623,0.01149920623,CHURNED
JDWTy1WwLMkcwGu5pevBptMDpKDtufdp8w9nDN3KaDhf,101,0.01063252479,0.01063253542,ACTIVE
BLKoa6qfcSqDhvsMmrWsMnVrHHF9jWqDzFG57d8u3CDn,4298,0.01058451848,0.01058579011,CHURNED
E8dCXmwrCcwkamf4zDF55Lp72XajGr1dWH1xukHZd4qG,8,0.008982245778,0.008982245778,CHURNED
6QBDB4auvoJJsRfe4Mj9REdYqNCV3weLGvE41oQVNvMh,712,0.008950556545,0.008950178323,ACTIVE
Gx4L7pJ6vXr1yq2Pf2MJttWxouWR4kwNS8XfjLpheZ8Z,4,0.008837173993,0.008837173993,CHURNED
EsJD6umGgmWJ444DHEhe9G8x9A2cwiC52bTqQ3hQuLyW,11,0.008795549702,0.008795540906,CHURNED
HWgpQep9ukE62pnk66jSMC9b8Y6xr4m8cH4iNemqjNsh,112,0.008789489229,0.008789876904,ACTIVE
12vqfnjywdMjN9jtiW2JUqAxXdVnjnPRGs826kjAeXBj,1926,0.008689915677,0.008688966059,CHURNED
DHuWTwqmavNn5gSyN5t3cWkNGwq2EykaAJumM6H5PwA5,20,0.006671467768,0.006671467768,ACTIVE
C5FZxvsMuhG4ojzGcFBP4fPBBjcTneRxgUhZHcGoR5kC,20,0.005694284717,0.005694284717,ACTIVE
6xh4pnbDS4CXYpJxd7qrzT2szHX75kXnDLJ5vDZh37bF,4,0.005579898688,0.005579898688,CHURNED
52gCHCpQeLBzbwMe46NRcokBkuHvfxFeLpH4UvBMdBhU,24,0.00433025188,0.00433025301,CHURNED
vZc71n9hKzqMVHGczhFdbhwEdfjBeTiZ2HwJf9eLRS7,69,0.004269379738,0.004269822752,CHURNED
FEb1GoChkJtdvGqhXvQQCUC4nfBaZcViR57L3m7G28wW,3,0.004194544486,0.004194540292,CHURNED
EeKgRtQanTTKyDKLeqqtAwjUtz6wf4qMMcwvKFvRdjpW,14,0.004191279749,0.0041912816,ACTIVE
EgeHY5qPSZEQKLR1ViPFpDC8GGvbpe74j7jSjjfKk8zx,20,0.0040564343,0.0040564343,ACTIVE
2ruRdhZzrrU4FYBjkcHqWLZx8TMUcSye5TCksrDPt3wF,13,0.003868175246,0.003868170086,ACTIVE
BGt229Lg2g97Cey3GjnythWzV96Eyb6EMqUjwvvgDQPD,3,0.003276946867,0.00327694359,CHURNED
35q19wpJGka5dKxJfQEtMf4r2p2XCaiwPG7za5p41jQA,14,0.003264813086,0.003265044951,ACTIVE
5KboBha4yTNdSXD7RG2ya1UEDjW61E8WckF41yoY2a7T,11,0.002792077046,0.002792072865,ACTIVE
D1GsELNDEjS89Atuii71pvL4NNUHWWdLSMcBqpK5Fw99,13,0.002447917329,0.002447912612,CHURNED
9xgRAzpKy9HPXMQdhMfyksy4Bk2Ps2v2c6poRNiD4E8J,11,0.002194287479,0.002194289984,ACTIVE
KKthNAPGAifgGS26qvkyumuBHpNEytQtq2F7QUSSZNm,10,0.002001442596,0.002001442596,CHURNED
3UPJ9oEgRgiieGVVss1ycH3FLQZvK3q78MjHLWLWdAid,12,0.001851329409,0.001851326146,ACTIVE
t9MTbcTvZqpPtZKnewHqng2bnBpk4mwrsk1bMuFiUep,10,0.001648161322,0.001648161322,ACTIVE
DAupM39rSXdtmtnc3QKL58LCBeUP6BWrqgQo4GS1McyW,324,0.001423322116,0.001424300956,ACTIVE
Eqx454RPyek2qgDq5EzEoX9iCjX76APn1uVBsnjMJPPF,14,0.001412140036,0.001412148511,CHURNED
KxpZLVfqm2fCa7zkgiLpC4uGyRhHNJbT2QFSPhPTTwt,14,0.001145697326,0.001145693606,CHURNED
CUoAzNwDEgE1AzyceBovJJCCha3WA4dNHdqHT3KBLiEc,13,0.001049747538,0.00104975015,CHURNED
DVjq28QjGgKKFG3HXYus9GhtkmGFDJ6pYoED4FBqmq1L,6,0.0009418211811,0.0009416756765,CHURNED
5hchA8ojmwSSDKZepV1ZgqiYXjaDfAPEQKq6NLWXPwL9,12,0.0009375779486,0.0009375779486,ACTIVE
5yw9z3cNWRNBEoS5wKp2f89SRY2FbF5gGfwChwpc2AUx,17,0.0007006442109,0.0007006484231,ACTIVE
CTP1o5CKbMyJzegd8XGJWauJfyi5Ybv9VCA6ueN7WeB3,17,0.0005242411375,0.0005242407458,ACTIVE
UeFZ8g6i79dvXN5B38m9McZ9H9E8QkD3nHmSDrN7C9D,10,0.0002999862365,0.0002999862365,ACTIVE
9hY1YpQughs8CUuUUMxxaPcZttg5m3v4qLcqJMo8rPxE,10,0.0002745950916,0.0002745950916,ACTIVE
C8Tfmv9S2jDJYH1bthMZmJEvvSYBYkfNQL2RUEYjPYt6,14,0.0002286209035,0.0002286193278,ACTIVE
FjRAczfAVziTfekMNtxwjJcJmRk3B1xfF81moPkaq3jU,13,0.0002087945483,0.0002087940404,ACTIVE
FQ75y6KFPnAuSqiGZgqtVHwTX7kx1u6UXqhW2cBWS8oC,14,0.0002067862976,0.0002067855865,ACTIVE
3rKY83Tw3UKyCTvzArnptnCuesHLbiRTDNud4QD6Qimv,3,0.0001686831424,0.0001686829735,ACTIVE
BCwJDb8tHbA7GrMssfFuaZjQSbnGGdj7L6Y5V41gCZjq,13,0.0001660784831,0.0001660783167,CHURNED
14Qoh58PBDaCXQogFbqcPGvrBGJWEM8G5n4Bqtu3NM4m,11,0.0001477229512,0.0001477222113,ACTIVE
Ar9fzyjLRLXEfC1Xn8xcG1CdkWMREnmWvva4WMmdH4Xu,10,0.0001433617763,0.0001433617763,ACTIVE
FsKVNin836giNHsb13wkgDr4fRcC5Krr2uVSRpV9Cero,12,0.0001076182201,0.0001076182201,ACTIVE
4n56yrLLG1QnzCV8TJAexesCrwgtKiuoJRo5TQ3BaaTz,14,0.0001051614986,0.0001051613512,CHURNED
DvwHKYQtCvgAk7hG3uJNsqFpqiJCtxj2uxeWuzgqdSWA,4,0.00006729467844,0.00006729467844,CHURNED
5QE48toDqKg2FctzQu92srGbdpNnvw6pb7xRdgUuPAHf,37,0.0000347642355,0.00003477241842,ACTIVE
DD2HELLhk8A7Uv8rJ1f33KgHFqdqFevJJCgDt6kAYL4F,11,0.00001834172896,0.00001834138006,ACTIVE
DzdN3qo58Q2C8DtzdCBh9rSJVWm9pFBQZkeFAAr5bqB2,9,-7.404096286e-8,-7.404096286e-8,CHURNED
5S2MWrGpaGzYzZpde175shfJRkoaRZ3Bfwsx5VUQKWZj,10,-8.20963267e-8,-8.20963267e-8,CHURNED
AUqjFhmbWFRuaLQoTWm2ep57EPg1YBeYx3mLBmX3xzN1,17,-0.00001175781088,-0.00001175781088,CHURNED
HqFm5H98jrq2aSJZxzQ2MjCLjKoqLhLQgeHkAaBkznCx,15,-0.0000130661041,-0.0000130661041,ACTIVE
3dG6a7sGrMWEFV5cr1n2qmJDw6xqcmyLaRj8zxkU5Avt,4,-0.0000172483379,-0.0000172483379,ACTIVE
Fmfw2WmcPCfdE6uBCmTAnCMKvTYtZ3uafeDw27PTx13u,13,-0.00003002971971,-0.00003002982877,ACTIVE
6rBjN9LCK9rqbcZaNnQc469qcN6ch7HRZBzmrp8eMhYX,16,-0.00006833751493,-0.00006833751493,CHURNED
FSQL9K1YgJeQLDYe1K6ns5UDrCyVAU1eZA4E8Fhqi4zB,14,-0.00008119825916,-0.00008119825916,ACTIVE
3YmgU5rcsARmnP5Cz1NuN2zRyRgowaC9k9VeAcPoyZxE,12,-0.00008467950663,-0.00008467815199,ACTIVE
239Xe7auRT4x6sN7Jctrg1dDo92UjkBG51NpU1dGAcxS,17,-0.0001124292325,-0.0001124289923,CHURNED
H3wbjj3C7uCE3kMh37TLVBnnBguW4eAW5XDRueqyUenH,4,-0.0001127668978,-0.0001127668978,CHURNED
Hs5A5NziZgKXWsJdwPqDtyKWqoEkdB24BokW1H2pXwqH,11,-0.0001277974285,-0.0001277980282,ACTIVE
4eQR1Z1wg4rCg6cnAv3w5mVkMLbJ2cyTmjakfESoM87j,14,-0.0001448102603,-0.0001448103673,ACTIVE
Fmgqc7B9ftZQafRYDva6A5A3Rb1ZWXjLnynCtYXfPGfK,1,-0.0001488320829,-0.0001488320829,CHURNED
13x99BewpgNUuGxiyJtqAJfsjBrVqQtXx11NNbZCgDL1,15,-0.0001584904736,-0.0001584917468,CHURNED
43fzzMQ1HPyGXHxu2vQ6TyZD8zxRSmij5XKu3H7tMoH7,13,-0.0003141130823,-0.0003141135369,ACTIVE
19uAkYnpmVvyFE8prtsiUHcY28AqfzMoSXWYJzwQBxr,15,-0.0003219003811,-0.0003219012004,CHURNED
6YKkhHTpUgpBJvoehBY7YTRfcaRLdSCGXKX29kT46H8Q,12,-0.0003466529612,-0.0003466535632,ACTIVE
GYfPVKt2uda8Lb4NeHtqp5bgMhF5dzD9rR5Nh7CSyDX9,11,-0.0003513661808,-0.0003513669817,ACTIVE
BRozKV9FDCqDgmJvMftReHarEJirRjqLhk1uV1BKB5o7,12,-0.0003695015084,-0.0003695007751,ACTIVE
FM5qLeNcvGdGj8p2hbbziSibQXi3ZkemD3YzCRgs7H68,11,-0.0004037144183,-0.0004037144183,ACTIVE
eVKwZbgBjwQ7nAr7pTA3ZJKT4MJpVouhBSUAaKBY6H1,10,-0.000427650119,-0.000427650119,ACTIVE
F2P8vhXy84PmUqGQhc5b7wQb5W5XD8dFQiTJa47ARGsH,12,-0.0004343587705,-0.0004343591707,ACTIVE
6M2YJZ8fG8tUprkd3gwgStr3e3JGVWcGygtcsAvH45Co,16,-0.0004681462202,-0.0004681462202,ACTIVE
F8Xa741AbE2esMSa66TqBi3EQtVCamtQL5QbCZVk7dpZ,10,-0.0004784907224,-0.0004784907224,ACTIVE
Ct19Z4y1R2sd4UhpzDtJa8LfEg3oYp59r9Bix2WyHLaq,15,-0.000511574676,-0.000511574676,ACTIVE
BEtdZL1vxKpWubw8AtbrsX5R5wjQ4dPjHmCa7LdzVYQf,13,-0.0005126235946,-0.0005126242322,ACTIVE
6bR1j1t9fcotEm1WnH9fzMoun1JAU74D1nBxWHBNuz44,6,-0.0005732433715,-0.0005732420409,CHURNED
7d2FzA5hMhr2bTDgCAdvoEtqiaRGKPVxLaEkPCZstwuw,8,-0.0006090091917,-0.0006090091917,CHURNED
HnXe4hQsnvX4Sm5gxTXSHXrL4Z5HDfBVR1LYoKmqhfM3,10,-0.0006097509605,-0.0006097509605,ACTIVE
AQzvqop5uJdkCFTA2fLU8bvgay8MWmGFJ77HjuQ44471,13,-0.0006697284661,-0.0006697291697,ACTIVE
6R16ccjzson9Wp3NL3baFa2zBio8gaZAd81pA9g69eMJ,12,-0.0006753682407,-0.0006753672602,ACTIVE
BQ7rcjhscKEaXnwJ1Ghq7ZFF7t54Lcb3cnTWX5ahT14,16,-0.0006934792172,-0.0006934792172,ACTIVE
EHVVCrTvPMzjJpzGVALwe2ViPfuR1Z9MNfnGvkFayoxi,8,-0.0007267499386,-0.0007267499386,CHURNED
AP5G4PzcaW6VFAwGBMSxfpzeGdYGsRZr55ww3oLf7x3D,15,-0.00076136763,-0.0007612084767,ACTIVE
FM1cgd6oRVLAWAgc4ruY7hPFEdyiabWzJMUiaBFAThUR,9,-0.0009271054485,-0.0009271055644,ACTIVE
HRJcTchj1SpbMVLZD8941YSNFP3cfPxGXjHsvpearjUn,16,-0.0009350032672,-0.0009350032672,ACTIVE
2RPRfXzWiMK5w64fvermYFUaZLp4vSBqJ3yUJQcJGeDj,11,-0.0009661225897,-0.0009661227038,ACTIVE
26PTj4sH4nHxUqxcGhXn1SMy5sWTwaFZz4aGpZ6eTTm1,12,-0.001014364991,-0.001014364991,ACTIVE
8YnaAPPa8qzeRxEKpLVy6S8Z9aU6KTpLLgbfJQ5pf8ZT,16,-0.00104745178,-0.00104745178,CHURNED
25ViGJLmKvMm5jiFoy76MjsvhgkARi9EMqZ6TMYq8sGU,10,-0.00118931612,-0.00118931612,ACTIVE
DvWXXk2z4YQKEoZ3agS9EFN2p7WFHaQoHLTxsgCHAeAV,16,-0.001322033556,-0.001322033556,ACTIVE
3KhSffJi96dfT2DpDRSbFs4Xgt3D27FCT2gwU31pRrMS,20,-0.001615152096,-0.001615152096,ACTIVE
BdEg9YPZhg62x1EKQ5KcbEhHHBE1Ms6j9b2ZrV7T58jj,16,-0.001653401686,-0.001653401686,ACTIVE
DZmFXrbr16ioxUEjnvZWwrVvWgNx9t3CEDtEoftUfFbM,14,-0.001941432961,-0.001941431901,CHURNED
3Rn2RnE7GJ2BmGECjv5Hu1uTerSwJeFEvY2Qh91yNWY8,123,-0.002142554245,-0.002142924694,CHURNED
DPeTD3E9zUDFSrmYxF9iU4RtqXkA7CRFqFA1hQVCYvXQ,55,-0.002232021528,-0.002232023443,ACTIVE
3mvmVjqaExpU3w3x5vgY9PWy3ymVBBxBkfKqdWnc1wjn,20,-0.002300166695,-0.002300166695,ACTIVE
E8Qu7xaXKVKi8aERuFJMLWojbytH4UbLUTF424fHSLTC,4,-0.002635873622,-0.002635873622,ACTIVE
D5jPW7xbeHPc2jqmJP1eUED2WsNBYHZnhEpjQTpbPCGZ,16,-0.002930598321,-0.002930598321,CHURNED
G7Kus3VQ4X43hcTNAXPcDuQSQW8EqbeBGQuSBTSqKJc8,30,-0.003670274981,-0.003670272656,ACTIVE
CjwqnWnBerXzuHRrBHYsQ3NWz4pwUFzsqD1sqFqjKEAc,32,-0.004405637291,-0.004405637291,CHURNED
Dvz35syWbVdQF6BvBwKMuXeuRaDKx4aebrJt35HxB4ea,3,-0.004920782161,-0.004920785551,CHURNED
DEC4TdajjUYk3okZNrjjh4A2K88aqSJdka6FR4DMkEUq,355,-0.005052098526,-0.005052758048,ACTIVE
5RHwpYhS4Pw5X6E5S7BMG39hLw8gR7U4CsmkV2K95oP3,72,-0.00507553481,-0.005076266169,CHURNED
GtxD5mTEnEXsrKSJyr8ADRUfybAzVJURNC74W3ACqZQC,12,-0.006414541468,-0.006415180616,ACTIVE
6QvcyY7YzCsaBVbcMPoVkzvDdWKA2ML5Z4ZADQvqB9LP,102,-0.007458544292,-0.007458601362,ACTIVE
GrdPQhb6JSc8e4CzvZqjWzXW5jCfvTmXMCJwiK6ErQoX,20,-0.007537010033,-0.007537010033,ACTIVE
34FNF2ughkht1EEfw1r3H98NWPHv9Lw4aNNw8aApUFfB,50,-0.007673044808,-0.007673044808,ACTIVE
9SYY3vrMkAzkVDs2uaB4mypz2Tuf3UNfEz7how2TpZvd,11,-0.01023526048,-0.01023525024,ACTIVE
6fUTXBQtqDCdirvoRjYU5yBzr4bmJ76e1FGQEiw3HQT,13,-0.01122549292,-0.01122548279,ACTIVE
Ahirt79udQ1snJ5gqDk5rBzu2uz3DwosLRPbvTksboKi,11,-0.01149772957,-0.01149771807,CHURNED
5nhyJmGh81FKwBa6jiibRqzUJXiDuHYNrtahhbDSUSBZ,7,-0.01178639871,-0.01178640845,CHURNED
6x57RnixopFyNVqt42a158vTRiXdV5Zny4BtLsTZ2QjX,5,-0.01199842729,-0.01199842729,CHURNED
4CeNtr3d9KxkuiqYeasT1qd1Tv91QRMhW5FFNtqX6ugJ,36,-0.01216811152,-0.01216801753,ACTIVE
HgjvgQsTqFve8meH6DwvwBce4HTfHd9SCd3odxnqRUs6,6,-0.01221748108,-0.01221718493,CHURNED
6VnjHUGTj4kZsA5Gh3JiNdhpk3LThA1s1ywBcNZBZG2F,14,-0.01314380256,-0.01314380256,ACTIVE
6LgV3V8bpEAXWv3stAmFVHphiK1BeRyVAoWKHpY5i1yr,177,-0.01335006956,-0.01334966064,ACTIVE
36sEBJAWSFejLXcYbuFm8SQfYHH9T6tXeiz148Kz8ezc,4,-0.01423696508,-0.01423696508,CHURNED
3UyMfmNb4ajfyyxcyfTYjRqwsGcsF81PvpqmYitUR9J5,67,-0.01451078132,-0.01451106872,ACTIVE
3eamRoMQgnne9WGFdoUoEj5Dj7SW7265qbsPW2WcvbM8,91,-0.01545158578,-0.01545157033,ACTIVE
9SRSdJkainBq3rhf9mr7uWkRCvpGcrcUsY3toUsKJ4xn,44,-0.01587761239,-0.01587834264,CHURNED
DBsGJPZNFQeBjq5R9JoGMzaMnRjuTMdiRDY3xzVQLRhn,13,-0.01973827608,-0.01973825634,CHURNED
Gj1VTCGhbA6z4V6KMhqatnL2cDTgYmFyxXzc51TRg4dq,5,-0.02064207538,-0.02064207538,CHURNED
HyfkumvdB4AwtxVv5aNEDvB9SFMGxE1BCfTANvxCZMS7,182,-0.02090834522,-0.02090649624,ACTIVE
7NQaCiaMLvqEb31yGBwAeKmWP7fTCsSyiAdq5VX6fEBV,6,-0.02212978128,-0.0221298176,CHURNED
FLBzAnpUsTEbvd3Mop2gSTYdyjgFcrrsYJmSqSDGvBVA,27,-0.02270196865,-0.02270195791,ACTIVE
GxLcZhD9FXFDY8fwBFa94X16JL45eKRurLQkpRvdYMR1,51,-0.02280031752,-0.02280050617,CHURNED
E55fEQqYdkX1FCENWZFHQD8CmgfHh5ABniTkR6bJdLTS,20,-0.02336082199,-0.02336082199,ACTIVE
J2n4scsxzH2nKwsLefvLi1WcWu2xfFJpcFGrwJLGwCME,29,-0.02514064792,-0.02514103838,CHURNED
GiJDtMJr136tz4pLicBTwmWmsuF4m9gWZFfzksD3TJSr,459,-0.02646303887,-0.02646354312,ACTIVE
EH6HinCyvXk5UCLx9iuqzEk3NfTFaF4jRr9nHN82efmd,9,-0.02761580434,-0.02761581317,CHURNED
D9WTFRuyHF8S3PP9xYY1b9B7vggpkXGkfWDFzybUserG,9,-0.02763953068,-0.02763950304,CHURNED
H3wJrfa5c1yNj2o5rWdf5xGNL1GviRhyDHkXy68w35B3,5,-0.0306227889,-0.0306227889,CHURNED
2udmSyjBoXoTs4T8JHfdKY4g37X6KZadXXKTGrqUKGHt,78,-0.03086457023,-0.03086575365,CHURNED
EQBZqMyWcU5wMfrn35XyixuK1rHA15Z9rtveVz5WaVAo,7,-0.03096756909,-0.03096753812,CHURNED
A6HGenheGS2RHjg5SdRKcQfwLfdVq11fU5tUqu1Lf9gN,4,-0.03145753695,-0.03145753695,CHURNED
2x6tWUu6xS1eXp2ymZEdgjiyH7vkvvv5K2BVr9vwF3Qc,25,-0.0314738656,-0.0314738656,CHURNED
2qFMVRgHgdehhCSh1zk7XWNgnwR1GqcacnqpZ3ZBhpSC,4,-0.03340276593,-0.03340276593,ACTIVE
eBw1MuBsU2frkLSi18E5YeHKzQMqrnd56QpN6fKdqsf,20,-0.03490753422,-0.03490753422,CHURNED
HQMCaLTXb2e6h9RmsHZmz8shKJgbcuonyiY1DqkrPiUV,37,-0.03535764554,-0.03535761018,ACTIVE
6CHoBWnry91niaTqCifutpCn2rmAejjfEKz5oridYfKz,23,-0.03607879154,-0.03607879369,ACTIVE
J8UTS4AjTC8fp77YwuHanVFMqMpBJzpzpVfz5D1tJDm,13,-0.03730384698,-0.03730376881,CHURNED
ARTdhUUxXiVwaAm6KMJRrC3z1qBC4Lvqay8L8rMhwLrv,56,-0.03750302004,-0.0375026199,CHURNED
GyBDQKfZDc6XbzSsnEVweY7ZhESSf7Yw1B9rCWVz9qj2,11,-0.03759093746,-0.03759089986,CHURNED
GSDJfMtUSRy3mQhkE1qbKoMdAPiYnVF3jiq4eWujFPti,14,-0.03897073042,-0.03897049434,ACTIVE
Hq49dqjvEdHPVCyaCe1snR6p2urxgnwq4i27Vv2sKmkC,24,-0.03996566045,-0.03996618048,CHURNED
GmcxnPvUE3Sp8oymkF8PDLBsh9VCmwfeRH2PAAqGHXty,575,-0.04003135473,-0.04003138845,ACTIVE
BZWwtzuMJvUxuzBS6jnwo7UEutsx1jxop6dTaSMn71LD,44,-0.04156033948,-0.04156020417,ACTIVE
HPPnduXVtyuEndcgH6j3J9WmWTnMH9nRERsb7LAqGHpw,50,-0.04220134111,-0.04220134111,ACTIVE
8oWqAyvTH3hA5qqnhJn7tKCrqWcBCmC9PvrX419n6EzW,10,-0.04238608062,-0.04238608062,ACTIVE
Afr3hhqzyvxdFdfiAyRQ7xsQLxsT7nwuFj8cBQuduWGE,37,-0.04440441421,-0.04440436981,CHURNED
H8Hibt1X78m2yJvXmPeNAMnKYGHDbTJWNqF64peFxw2G,6,-0.04488160397,-0.04488168143,ACTIVE
AdSHgzYDuTtiLvFMp66LBWapp8YsNf7UESssmufBeYFh,8,-0.04571828331,-0.04571828331,ACTIVE
CVu9bWraYP2U9Eg3a6aCsgcfG3nHmqmq5NaGqHF1SUyS,16,-0.04694571081,-0.04694571081,CHURNED
6vUcQ9KDEE4hVoCtzRyayPCjuW76VH8WPrsSN355LWCH,31,-0.04774713784,-0.04774704199,ACTIVE
GiQsNthh45hc9X8YsojUmo9xNavRMMFzTGgLX9arrf1D,10,-0.04792622025,-0.04792622025,ACTIVE
QvVqfizHcUpZtTUAKHexbUdTbECP5sGbNiwQ9jP1iJn,8,-0.04944937887,-0.04944937887,ACTIVE
86772CCBgNzqfvH1xVMg2UPSLijpPGWUQcWecVwRiqf5,10,-0.04991891739,-0.04991891739,CHURNED
8w4cAnnVcQrDFZJVg3pYWBfT2n2Msf7mHgYQxvBBXYb1,273,-0.0509327968,-0.05093274586,ACTIVE
ELCDgv3Zy6xpeCJb3xQq7GyLgVApsvECSX3MpUSEX6mc,17,-0.05107604265,-0.05107623091,ACTIVE
HymbbFyTZqGAbUN1x1KeHR8SBSdzyu3yaUiafK6nz9G5,29,-0.05325353753,-0.05325387411,ACTIVE
5norkTBwepcqegZxr5RVSShSoqbKNkyvSCmQMBwUAjrZ,388,-0.05326911135,-0.05326908412,ACTIVE
4Ugwx4XY2jYBGat4uAZKJRtPvkvcsnwqJ5vR2dBUxHKg,70,-0.05343511225,-0.05343447413,ACTIVE
5pT1VponeJwKonJejy1hKfFz1WZSEkuhYc4sUo87kLfF,22,-0.05395082238,-0.05395162484,ACTIVE
4b9YWHr5yAHmHuSaqN7gUyiSfJvYMXVdPqmpBxmBXVop,6,-0.05443558696,-0.0544356767,CHURNED
a8f8Ce8gYpLZC25S4mXbcQX4LE5DrKVP2EZoZdSoaDt,130,-0.05476301902,-0.05476354003,ACTIVE
8SGYzi18N6k6ey3f2EmcJynfcDTP6JexgMznQ14E9gqs,53,-0.05592280111,-0.05592278093,ACTIVE
5xSL9krvYxiR6XkaNgNg22WnqLSdLYm6vDtvHHT7Mmma,8,-0.05677426587,-0.05677426587,CHURNED
3tXxAznnTRPk1XsvkqnWWznoKTA6MBEBcxLAHoGNHGmj,47,-0.05744679005,-0.0574471719,CHURNED
6Ztu9FPiFqcWjfC2hWKLtn1J1GnFGkd4omXcmbAv52AD,15,-0.05793326248,-0.05793376874,CHURNED
7UzTyGbM5Ei83BV5UxBcqbxQdjauDGYrkNZ4M8pd6sNd,7,-0.05828682928,-0.05828677099,CHURNED
9c5vcmhMpNnFsTuKnrFdTJDFMBFxg8mQHB92wDu5L2ug,12,-0.05874168004,-0.05874215569,CHURNED
3i1sSBUsf7NarvtrJKjFUvG1jMvAe4QEQ1mXB351pqkV,11,-0.05885762117,-0.05885756231,CHURNED
DZSH3UrRkPJk58dm3yJRQNkApNAyUprKa5GbQUxdBU4R,228,-0.05984484611,-0.0598454388,CHURNED
7HmQRJ6NE9AsSEggUWGUdh2mJ2LSjFiAcwGezavAtpkJ,17,-0.05998492625,-0.05998486865,CHURNED
C84yqQjYmcy8CoxAKe6XC5DbEckobsTLuS9zVBVNW52y,121,-0.06049369341,-0.06049269697,ACTIVE
5hHfm4Azi6eQEaosVSnTfPfhxtARCe5T1UTSJT1ZUCJW,105,-0.06462491946,-0.06462517889,CHURNED
DxTneTXJGmDQTYUJ6gyAH8Haf54cFC6T5FTQhc2mF6gB,10,-0.06520574144,-0.06520574144,ACTIVE
G8p5X9AtnxKL5UfaMmNemMRvx7gFdyRN7W4ei6iqU5t9,14,-0.06543735429,-0.06543713648,ACTIVE
5o2DsggNRN6WNeo2PFbGHRpRDGb4t8RLm44CNxdHwG4C,75,-0.06615510624,-0.06615559351,ACTIVE
3zRfYTmkRj84UT1wAEfP2GGvsJD5hkqjAvSMMbR3vWmg,11,-0.06644819733,-0.06644813088,ACTIVE
EvqW3hRwL79hkCP3Gvq69JjWxu9Jfa4bMCixqWGTAzMD,25,-0.06788995072,-0.06788995072,CHURNED
5BMUJ9YbLMEtttMieDE6zxCUgbpCgKYcqNo5yiifnkYU,29,-0.07162260573,-0.07162207201,ACTIVE
A1Fm5hrM9sDW7AihNQeLzQE45AeRMEjDEVUjaCXLZ1XJ,73,-0.07184268641,-0.07184258219,CHURNED
2miBS2LqSmQAVRyXSmCfdLShtFQJvAX7Hmk8GocCaoSt,19,-0.07212309326,-0.07212317537,CHURNED
5zAdyLw79NQvBKnfWLxwG7fqQsCMkq3fxw8UBZBwvnzz,9,-0.07425198385,-0.0742519096,CHURNED
AVc6kSoK52CUwysA83a839q5smKqQSnb9x1HfbsgFAm5,81,-0.07588999471,-0.07588991615,ACTIVE
DX8dQruU5TGcpMjmKa6o9edi3rYzxpeT8YFL9Qnxbmjb,244,-0.07621746663,-0.07621829768,ACTIVE
CxRHLaxv77uorFmsU11wYQYaqqWSgKToYy5NMPe6vLFu,161,-0.0772302177,-0.07723018437,ACTIVE
ALW7az9tWkRtLceVxfcA1b57SY8Bw3RJh7aiGCyyzbd8,223,-0.07769830739,-0.07769851214,ACTIVE
797yq9m5FzWxciUxV2DVNSE5qKyTeN6ZnB9976u5KQWK,37,-0.07925416381,-0.07925408456,ACTIVE
HdJ2X82wZ7svMiEDcLwHo19adKF4CobsKmtH9vnBfqgR,10,-0.07990052365,-0.07990052365,CHURNED
9hyKDY9ZrTGvbcJm7vgjgvg1K92ohzq6aoaoqXDxDK2C,111,-0.08210563624,-0.08210555413,CHURNED
BeEakdPc38Yn7phvy8m5A96B9poJR6e92D8qdYJDSmyM,74,-0.08216631558,-0.08216656671,ACTIVE
4ci1xg2g68dpyqvvdg4S6Jd6mxH23Vi4cBhqgrfcthov,61,-0.08230903012,-0.08230831354,CHURNED
4RskNKma9gjgraxKCwD2TTxL18pEJ1KnsTZyrdT3poLA,4,-0.08235775293,-0.08235775293,ACTIVE
FmYi3GKc3Mhn1G2V4haYXmZPs6LG7zVRQJyjCBtSYKmy,56,-0.08262240185,-0.08262222569,ACTIVE
H16UxbzrF5Yn4fmqsBJwhBYzcpR974DNp7Gde1LwPfMD,5,-0.08380383333,-0.08380383333,CHURNED
8hbBX8LAJjz86fdXgDbpbDMzi84aErzMKFb42RQYtBqM,11,-0.08424382293,-0.08424373868,CHURNED
HFAz1urmQ3zvFLhhpTL2L1A7TSiLPqA5StdXwpGAWBW9,29,-0.08475585675,-0.08475648517,CHURNED
DwbxDkQE2HGC2HyKAHe6qaUFcfdxgmqeEKtKhDR1JmVY,619,-0.08635384275,-0.0863538697,ACTIVE
9bXPaQBmXBX6igEkq7iX1xwrB1MHJJ7YHS6LrUu2hmyx,12,-0.08657919317,-0.08657904075,CHURNED
5vzCJuWiahHQV8VrKvWjTjDybTEw4NXh9pBzRz9gCTMk,32,-0.0873474,-0.0873474,CHURNED
4cVHvfS4eERrhakNQB6nfDXKukcgLQ9RzBq78QqoEKHZ,68,-0.08764734607,-0.08764804449,ACTIVE
2332n8xHeqgZxfuVEc8v5XBkt19J5DqWsLrDpogARS6U,23,-0.087699619,-0.08769940089,CHURNED
9VM6s2RYNKrnx8EBLuGGuA9dC5wTRTbpnJ5HG2m6afPX,204,-0.09016229066,-0.09016278445,CHURNED
7P4xuynZXfo37jXWpJc6sUkM2tqJiNwB64vzA4haBsp8,6,-0.09025549504,-0.09025572063,CHURNED
Dg2gXZrxkSXTbmwEyfmk33MbJitaNB6jpBbnTcb9juS,50,-0.0908366604,-0.0908366604,ACTIVE
GeCHiEhM1ygDNjHdcQvRNrHJcHTiqkcT8yMVQN8nMTH,67,-0.09133518758,-0.09133418176,ACTIVE
98azQPsD29b5vQyCzHRT9M8dgDpXymAhK4bL8GdNtovY,211,-0.09147965877,-0.09147995672,CHURNED
Fod4r1wZq173vvfwmmaTeTC1rCYTqr9tusBgvPSjLyb1,19,-0.09155335083,-0.09155334321,ACTIVE
GjXBRXm6xRWmM3LaYDQaRmHJNtULmBoztk9y6fab7i6T,18,-0.09265999002,-0.09266056009,CHURNED
9m93EmxWchGNRe46Tyv3N7qjhqv6aWBc3z3kUfTiYGRG,6,-0.09267326445,-0.09267304858,CHURNED
BSoZEctyoTqQKfssMtSj71qMwRCqg5R47ovoT8DnsCQD,14,-0.09280573155,-0.09280654,CHURNED
6qJDJ1J2JwhTr4zAPuRBvUttQoCukPo81NBfG5RVZ64A,3,-0.0936612735,-0.09366125344,CHURNED
CFLB18osZ5sVpPe3nsdvmP9VjjiL8qXvJR2b4h4cm4Nb,26,-0.09395854363,-0.09395906263,ACTIVE
6XwPuYj8rHLGJuGmwJRtm85CDjWnfF8g9KrdTDuyTQiw,43,-0.09449109215,-0.09449062326,ACTIVE
EYcesfvDeqGuJ2qfmdtADSru12G1SUcV29N3gCo5ZXGi,121,-0.09474448873,-0.09474573164,ACTIVE
6o7vDK3WrHgwSPPWHqf5dxcu7yCBi2PWiQfYHcH4Jgx1,10,-0.09682694209,-0.09682694209,CHURNED
CsXybZ7Mrief2tr1P8Skf8UtHPZ6mZq6w7tDgQpBNVVW,22,-0.09811463379,-0.09811398317,CHURNED
CA7umJsGgpRm9P9u1BCKkww46VhvgwjdJ1B51H3o3HgZ,105,-0.09813818941,-0.098137762,ACTIVE
9yxY867nEUGfa8TPXSWYZ1gMfZwuFH3fdhfUu7ttBkFm,105,-0.0984118682,-0.09841069087,ACTIVE
Ek1fDnFVzkr77EXUShB4ioBonJH9CDyKfLGp79BjwxJV,172,-0.09925522537,-0.09925575511,CHURNED
BqY85btqm9d4XRBEjjkFgkHVYpuym3EMNfE9gcvPS4N9,7,-0.1008288955,-0.1008287996,ACTIVE
DvtmQwBPGuZzdxnJCtfgjp1pv2Gs3wMP2f6dcGtAtt7S,92,-0.1008445222,-0.1008449733,ACTIVE
FLSRBFv2LuKhWg1JJfeRhe6KQAznTTU6Zq2Cop6b5js4,7,-0.1013486604,-0.1013485591,CHURNED
3Pt2krAqxWqWXHzCwhqfGY6neeFUcCpdCFMujjSkGnec,74,-0.1014985347,-0.1014971595,CHURNED
BQsrVx7DrmMbstQHdymNXPc9ozQRjxwaXoE63DMtrM4Q,189,-0.1021303202,-0.1021302181,ACTIVE
B5D51kDB7Q3FQteLH7JJBczpppRu34U3WyEZFiuxgTzb,18,-0.1031933459,-0.1031939715,CHURNED
H5tPjHQArRgpBXLYDA11xaFNBc7K6ynEeBVDB8gzyaJX,14,-0.1040314867,-0.1040321374,ACTIVE
JBTy621yvmFu4NFtt4UpNvfwv8ac2bMxtdghpNAJQ5EJ,15,-0.1041655872,-0.1041658113,ACTIVE
DCJMNMRnaKqwtfuVfpNJVqTHQgXVv1AKHY4ZVwLa6tRw,9,-0.1044362835,-0.104436179,ACTIVE
GSeRWjfCeGypQUCC6m8UoGz8Vow7JovftCYoLsmwCNZq,432,-0.1051271376,-0.1051272615,ACTIVE
BqZz1NN9v6Jyk7JDWyxqtRr4HPoUEb9EVAPncp4BCk2m,82,-0.1051554605,-0.1051545339,CHURNED
B7XUysehxhT6TMdqxPUbtSaeeP9KY5pcpf1qKi47auhQ,54,-0.1054586181,-0.1054586249,CHURNED
BqeTr8b8Mm6mYvGHn2NaEHmA75HTLSwkBQ27jYG2EmNb,60,-0.1062757371,-0.1062745521,ACTIVE
7FqMh8xCc8wsha9TL7mcujnWbmwYdUtBmbrJjQjKepbT,37,-0.1065619485,-0.1065618419,ACTIVE
CLVY2Xmo1vCk1HLjWYNjKBDkc7uqDkAVk5df7a8QbCKj,112,-0.1074490503,-0.107448872,CHURNED
9cUWE1Yd4VBZeaHmAJTUSjMHr68FR1U7wLnpPPjXQnnx,112,-0.1074944378,-0.1074949554,ACTIVE
CaRMkdSVUnXEtjVi6bsY63UUjHGZWnpZkyexbvXyC5RU,12,-0.1077868661,-0.1077864498,CHURNED
29B874NGT324wUaGG8btRqTEdrS6hCyVRttDsWT3ahtq,29,-0.1080387905,-0.1080393673,ACTIVE
3NJmWDAtjcwAhoLp8GCFCA6PfRUd9FGPmXqZPzmFL9Yk,412,-0.1086738756,-0.1086750645,ACTIVE
5dJCnWGe5cDacJL4SAaNur3g9BBy28jqmXNpiT7p2FbR,56,-0.1089491709,-0.1089484282,ACTIVE
6CHNNAxsW26g3xUP2gmy9ighqocHGvvSVj5dXexzv4DS,7,-0.1097977721,-0.1097976623,ACTIVE
8RYnk3douHTJXwawiDwpxPiWGR3Brb2XvQFRYvzJFGZs,6,-0.1112696569,-0.1112698536,CHURNED
EEg77y99U2kHMJ6Msgy5xEJk2egfpAn54FX4BkM2BVWg,71,-0.1124786445,-0.1124791656,CHURNED
HjxZChz7BjjAfT5dt1UVDJ1fxkkwh534muNCz7TowLfW,90,-0.1126849317,-0.1126844099,ACTIVE
66CGpSFpnyJRK9DUwiUircCUimti8v8WsvuA8KrrStDm,6,-0.1128062734,-0.112806499,CHURNED
DsBnpD7operRGKCz67JuxGeWVpSEPNAEUPCg43VTSBf3,115,-0.1130542554,-0.1130544046,CHURNED
Ef86GtnFdaHxWhkdTr2vSy3Cka4jgjokMczPhfF1R6p8,101,-0.1130706047,-0.1130707178,ACTIVE
65BwitJ1itQi3KCKEF4c1rHAnruCwY43q35iHmXpP13z,41,-0.1131107235,-0.1131098052,ACTIVE
J1EV2UcKd9aPNDP17JGicfdKsCSs72DsFVRHC39TnKSa,12,-0.115101695,-0.1151011095,CHURNED
FvCrTSiFv3hwa8EAL7Ud5fzVDtNEJ7MoBryw48SqvYPr,16,-0.1153677072,-0.1153677072,ACTIVE
B1fB1T34LHb1Ytq9einpiYSVXacpNDxmqyz8RpBynkzS,9,-0.1157596908,-0.115759575,ACTIVE
3wruCqW7aSU2gF9YxKHoMyNk9S9MwpTWHZhdGqxnoo6L,84,-0.1165183241,-0.1165191697,ACTIVE
AeKWpnpJD5Yw6Mbd532aGNrscPWABhkRXjjJwFccVNZ7,75,-0.1166992094,-0.1166991133,CHURNED
6umz32uqS8yZQGWckgXuKVU29mBcsvmknL18SAWNrvGa,14,-0.1167930244,-0.1167933524,CHURNED
61E6VThrpZcVAfhNxZQBunuo1RSUHUFy54LTwdtPwmNd,206,-0.1173075551,-0.1173093733,ACTIVE
H1jvLoWaatYZ9Bdd9WJjM4MTtDttUaDKnynLDFVAS2oz,222,-0.1182531791,-0.118253611,ACTIVE
DjKGLJbbAdazdYu5yguQxH8WmJfJWRmo7SF4TRpcUfZ1,31,-0.1186808198,-0.1186805825,CHURNED
7h9tQsg4q12bG5jHgmHxT6r44ZPAwQNtoQ6KaEagAMT3,118,-0.1189179511,-0.1189176265,ACTIVE
4bWsfUyoRfV8vbjXX9B42o98CS4ea87Cop8fNh9myNU6,10,-0.1190735716,-0.1190735716,CHURNED
CiPZbnf73xBTKNvyw1fxZR6GGag8wwUEVN22ZiJRY4ys,70,-0.1191569718,-0.1191576601,CHURNED
Hen9HzRcja7eaNimjjorAvYaXda24WDjJvKvkLwgVSJ9,35,-0.1192796805,-0.1192802686,ACTIVE
GRahrFRuWGaMLuJEtHx3BvSC819Jjczfkd71nyhjzHrq,86,-0.1192867281,-0.1192871499,ACTIVE
EMFEXWH6f9V6TjWCdGHy3xrUBWYsxiBcrSFfN563V6Rw,367,-0.119734334,-0.1197351809,ACTIVE
6esGckCCNVAyKHJHpKMy99qreE5NZ7SvHcbxfZFu8D5e,23,-0.1203297184,-0.1203299775,CHURNED
A3L17xPL16u3dxYba28MixkjFeaxG9iMpGv4taaZG5hQ,23,-0.1210928469,-0.1210933761,CHURNED
BaTt452PxGQPVnVECBmB7oxNvokEMdji3mFcVoMpJRLN,12,-0.1219430865,-0.1219427251,ACTIVE
D1mE7WmnZJPwngrKMkubeo8tPjHGLHLQSSLiBR9Jm8AW,24,-0.1237821828,-0.1237819084,CHURNED
FwA3vd4Layi3zMGacqHnDhtzs8BHiLSYuzNLm2LeUFcR,207,-0.1245376012,-0.1245384216,CHURNED
HZJHJXqcnt2rtSunxwiqVHpMErTAxEqGBAsesV6ybKoa,32,-0.1248097944,-0.1248097944,CHURNED
3NpqTKz1b9uxGx2Pk19J5dteQGcgtZzsziCZs85pMSwa,72,-0.1257077678,-0.1257076976,ACTIVE
A8G6LtVTatXhYvNkvqzSQXxn1XwbYg51c6HebLFdgtU8,672,-0.1269100273,-0.1269099374,ACTIVE
9xn2PYGwjZyPfbQ4ZwLiPhf5H3BNioELwMVHUBT7y5q2,199,-0.1281610954,-0.1281615235,CHURNED
8xoSU1i51fv3Ck1jECoFv7qafU8HnYsLEezwiSFrCs41,62,-0.1284558261,-0.1284555692,CHURNED
4c3MqVgLfVkeoEhbctpiv39Qs9WRtNkXxgk8yUBZpdv9,20,-0.1290701218,-0.1290701218,CHURNED
Gx8fzwtg7j2d5UM4RK91NjnbQwfFNraJ3A5GM8U2TdD2,10,-0.1291608799,-0.1291608799,CHURNED
D4x1oTBmJ1APZf7i2EbJipZtB4y8DzkrwF79N423ZnTa,45,-0.1296046315,-0.1296042196,CHURNED
Ea4Ekghy4bz7WR1W1rzfciBUbNiNNbT2KN9tvrVy5jE5,312,-0.1309207326,-0.1309212554,ACTIVE
8bRYAuRevx9HzPGwyCaqu6SztBB6Naa8Cc3kwXguBwo9,6,-0.1309489627,-0.1309492215,CHURNED
9UvacEbFDTsHTgvehNFXYTdrVjdFnLB9satJAQ3EYNCc,11,-0.1317155431,-0.1317154114,CHURNED
9Azn8VVxbQyUkz6n3inu2LQN8PZXNeRGUpfKve4EnPiq,23,-0.1322185681,-0.132218003,ACTIVE
9xcnqWtoEobyiqFAT5oW31gqKs3kqyHt2grpc1NmnmxY,28,-0.1327496462,-0.1327503597,CHURNED
Cwc5kgAr75XNTKQjBMf9Z185FtXjL6gJSfgHmF4aHYQT,5,-0.1329857337,-0.1329857337,CHURNED
HvNoNup6yKSX9BXkfBbFDXdYKSNUWUt4zrExF9kgqgPF,23,-0.1331028627,-0.1331029723,CHURNED
ExVrrjTANJ1w7iqMKEoVY9GFxjinbaB5BpxoxK5UoRAq,11,-0.1335208817,-0.1335207482,ACTIVE
ArJuhEvgRVGxwc2LNigrhzs4AYVpi29kvmPYA41KCNM4,87,-0.1337452593,-0.1337457195,ACTIVE
8Bo18v2TP28nkh9wjFgecGgZxjbXHUkipZUkPb1fKcWu,40,-0.1344289602,-0.1344289602,CHURNED
5Q9cVCm1xxD2ktA9cJzDspUww6E5BrUzC8tQjC7dk6Q5,7,-0.1346865618,-0.1346864271,CHURNED
HAt8Z2Cepmq6SHr2A4JT72CXumvVnhs1PYP8n1vRw7dU,28,-0.1349706172,-0.1349699318,ACTIVE
9oNGg1fvs269ymfZ5dSieGSEFNLK6FF5GEWQTPZrtDDv,51,-0.1359642442,-0.1359639193,ACTIVE
EgkNJZVL4SNTMNoyg3Ac8CSaD4u4cmS3u7i6dZGj9sWJ,133,-0.1370633347,-0.1370637175,ACTIVE
8ybMBJCWRWcZ26ceSLxZBvswJ1NRQzCv29fP5GzaA4NN,6,-0.137295196,-0.1372953301,CHURNED
4sspVoqGWrCBkMZD893VfPAMcH9pLgmqUirmGA88Qhyu,315,-0.1376611578,-0.1376601429,ACTIVE
ChHkh1eZE8ZNUjKFV6XgF94L55RmpExkUYz6vreWbTXM,11,-0.13769412,-0.1376939823,CHURNED
GF3i37fUdv8dhMstLi1gMja2JHAgyUgWN51LLEHHii1F,11,-0.1387299281,-0.1387297893,CHURNED
5UqgXXndtPjPkSvbr328A5PdGCkmtrUguXm4LRwZ13wZ,154,-0.1398455971,-0.1398449161,ACTIVE
Dy8oPygJAicWVYQc1e7E8JsUNmE9A7zojfcgK5hKVQ7i,83,-0.1407035664,-0.1407032145,ACTIVE
AmEP5sWnC9GeSvqbXzdrJXMVHvjg2xme4qZZjLagSyi7,451,-0.1408124959,-0.1408128306,ACTIVE
Brt1ff13zra5DA5n2xkbtJYiDDZhM6VSYLBu4FwGyXBJ,8,-0.1410023406,-0.1410023406,ACTIVE
FRiyJheT3M6z9ortywTvCt8sNNAv5t9aBhQZyZBnztVP,30,-0.1415074209,-0.1415073348,ACTIVE
32fqCFVmuCL1aaiFe2twkGATyqvNb4ay7jCZo6oEVmS8,82,-0.1420582134,-0.1420577323,CHURNED
F9LTPo9AU8SPuTwdmRE71jTXj2Y1dQoAbR8qh7vDeLtA,8,-0.143923553,-0.143923553,CHURNED
H7CCehVVu7ZwTiuJfa12XQP5k6vwqh73GV9onjNvWpWr,9,-0.1441356017,-0.1441354575,CHURNED
2cZjyJvHEpauxCAMhLVkb2vk2qB4jyvkphXxhhBrBRc8,156,-0.1448707607,-0.1448711752,ACTIVE
AcuubkmeQzuL2MELZafxdgtjZ2j5Eiosak4Jz18NY8fe,65,-0.1464355514,-0.1464359134,ACTIVE
7eCFAy74HBghYc7bTxgCNuEmdcyHNdNmd7XFXQZpVNr4,12,-0.1465129954,-0.1465126987,CHURNED
9GdHaZCXDvBjGhbtYNT3ytQTRTtSh23tUk7WeDBh84oj,23,-0.1476359381,-0.1476353588,ACTIVE
5VkMm7KuNmf2s86GFzCckzQoFWL89BD2XxuocABxoqPR,12,-0.1481753915,-0.1481755179,CHURNED
CZHZjX1zSZMbW5wxoKV9NejtX2pty3TiQV5UDheeguMA,22,-0.1493042508,-0.1493033052,ACTIVE
5WTequimrkyi22gaZBvJnj9FFhDET5U2TGc4aMG5JZBD,10,-0.1520218939,-0.1520218939,CHURNED
9DrmReJSVK1zXh8Gq9gYq6XybbfT4n6j3m3rthsTygfL,5,-0.1531433988,-0.1531433988,CHURNED
Fjkg4cCpegd7LuPWfqpMZ2f8XRChwsijKXkaUw1X3NnW,29,-0.1541204767,-0.1541207851,ACTIVE
8jF4D4sYXjQNe1S7JE3c28KXKLixaMwCW71Xf2XomU8E,72,-0.1556022368,-0.1556018446,CHURNED
D29wphJFfLoYSZX56V1PbfmnZCTzQ6voAWD3uHbJt2h4,164,-0.1557447218,-0.1557418735,ACTIVE
F8a2c4rG83YYfQ9ens8hpv9GAWocdRRv8EBDYrh3E6ju,765,-0.1559306095,-0.1559311202,ACTIVE
7XdrbaVX5ZQ9nBCRRw59jghLG8axZhdYL4Gp3QBP9tYM,5,-0.1565407491,-0.1565407491,CHURNED
EGaSgKX1ZR1ZWFHh9Jegeo9YMfaNMEWXwzhvJnmxLxXR,29,-0.1567865285,-0.1567864651,ACTIVE
JASMbHYL5x9eE5GveM2vW1UF8VsCsHuqq1ECSaoTJWeq,6,-0.1572067497,-0.1572068193,CHURNED
4RC4Lbg7DwWp1XNxh5qvcZJSnsyvoqtcD4Quw8DUXc3u,20,-0.157836636,-0.157836636,CHURNED
6qTrYrFfdRUB4DwJ7oW5NGC9KVfdceJNnsd7YQu27e6C,10,-0.157995652,-0.157995652,ACTIVE
CW9gGcRyXi1bhtT6qwRtQjUT6PLFPfWEF3zutjQwqLaz,346,-0.1594538584,-0.1594552756,CHURNED
DUmV8M3SEWzCAiNZ59yXDhQEDHasLzCbWfq9dPRE4zTL,37,-0.1596561424,-0.1596559827,CHURNED
3dRXUyWfdA2sew48UDa5SsBYeCFiEGkN8PQW7SFDPpQV,30,-0.1602720186,-0.1602717404,CHURNED
HksL17Tn9tt4U9DbySiYrG3EMZNgN1fcmqGbAiDR2xZu,16,-0.1612780641,-0.1612780641,CHURNED
CvBysqGKxhXH2q17fKkRhCKLXdQhoHjFgfqhZFkMTWix,51,-0.1613416126,-0.1613420001,CHURNED
EKiYRqB3kdLQ8skryjPB7jctiwmGB8jXa4xrpjwuDr8F,108,-0.1631874326,-0.1631875311,ACTIVE
DjVrxaTZ65FWboKjyC7ReS3qRgJ5FT8mnq43hgKRc88s,142,-0.163434968,-0.1634359356,ACTIVE
JAKLkcA6m3kDdFTVzTGMqVqe9Jv8KqhUuvEhGYDTQc9Z,47,-0.1665201038,-0.1665204615,ACTIVE
8yd7tFMLguEKfiV73Ady4z4DfmaFPA33YbRNgP8SPN9i,6,-0.1667911691,-0.1667916525,CHURNED
6HNqKhzmVjsvspP9bs92iqvPBi7L4GSxSg6JE8VD8rwm,26,-0.1674517531,-0.1674521196,CHURNED
G1Y4CHw3461ZmrpNyMPvcnTUgAk4DHESNeErvRdYFyh,293,-0.1686074432,-0.1686074153,ACTIVE
Es4Wy3UCzz5Mu5MiTYZaCcczbmhsSB58aU7n7gCun8os,66,-0.1691527263,-0.1691531174,CHURNED
Fkgkz81QMm2tgDyHFBayHwhjjwJPRKfse1kzujnkjNAv,17,-0.1693155126,-0.1693157535,CHURNED
522pAVbJihQCgEC7U1qRT7hGUhK8omLi24oZDUat3ztc,104,-0.169727346,-0.1697269063,ACTIVE
6TM66KY7CNAcZi8UonX9XvXhVLQH7eAZxxBeqpMw3PcY,6,-0.1715953949,-0.1715957381,ACTIVE
DsMgELRERCV4xghDsrGJSL4WmJaa2JSfGApUPtYLiVtm,13,-0.1721219049,-0.1721217328,CHURNED
HomkYNPVjTeKdtG6btHBVZYUfSxzfmBiTjjojYmSqpLz,3,-0.1747058587,-0.174705684,CHURNED
4KNNWecXdChbhYqn2D4ptxddo1JmNnJP9iCmuYFkepmp,9,-0.1751888242,-0.175188649,ACTIVE
J4BVpQDYJtcYsifNA4Y7BxzRfc3v9sEspb7dh9Q5EG2M,23,-0.177250659,-0.1772514445,ACTIVE
C7xu7ThP15txKZ6ZgtBEd9M3hKXLaeHvvfeHs45ouN7g,115,-0.1803312604,-0.1803311773,ACTIVE
4W5irjCuLC9f8nGQTpy76HdqNySXWDVivGqAfLTHPAVM,18,-0.1806425472,-0.1806431644,ACTIVE
9DTrKnZrFuMzNpXwSfgEDZnjdF2ekS7FUFfvxFHpnWxE,7,-0.1809879088,-0.1809877601,ACTIVE
BakBoA76FVbWvcR3qjGYiz3qGPUKUjYojizP5beJhvYQ,162,-0.1811846799,-0.1811841948,ACTIVE
6wuT66QfStPbs5earvhJnX95KENsY4ufvCbhPaB3jtt6,85,-0.1826450451,-0.1826449975,ACTIVE
5kMZq8s4UEeVw46zG2LmCaegKJjEZTofH85tqYZuDk9c,99,-0.1831967979,-0.1831966147,ACTIVE
5hG55eAgBzpfE9XT2CcZRWSDVnMW5rXgsp53fChQhpDp,10,-0.1837756018,-0.1837756018,CHURNED
GSM6WxkYSyGRucXV3NVt2LsMiwKfBeYjCBqe2U3UxvSJ,12,-0.1841941546,-0.18419394,ACTIVE
7vpfBHi8sHJQarDJci3ViSrgnHDhhwhZKDRyfrsmLsLV,157,-0.1842442721,-0.1842441503,ACTIVE
6MvoQUaxuPHAHMUuCbFrEXRfk9ydKckgUafWG294SZmq,15,-0.1874891157,-0.1874892861,ACTIVE
GudaSZMnJSkc6HYHbzovYaKfUqxGtkY1mDwDYLscHRD4,20,-0.188957363,-0.188957363,ACTIVE
773cBnGM7t8eAWeX1JUAGVFzPNbrQywVejc3SaHE5WZR,14,-0.1902688558,-0.1902685506,CHURNED
8tLQ3VKZgDU2urvXbqKsXh2zBamwRwa8i8BVxRdFuDRn,7,-0.1905795015,-0.190579311,CHURNED
E6ogiNnD8pezhagizXH9P25h3PMqRg9X2gf1mVAxKE1D,32,-0.1928434379,-0.1928434379,ACTIVE
HVxyb45Ua96WERS9A8Vu39bbWmi6SMzM2mcAcHkUh9Wa,33,-0.1941192192,-0.1941190251,CHURNED
63NxTvA7govQfKFGAszhfsURkrPv1g8UUQ6xaoCTTJDH,84,-0.1952299511,-0.1952300511,ACTIVE
5V5tq26yTckAGVYqinQku2N4UymMXyEj6dvn6hHWmCv3,157,-0.1958956758,-0.1958970563,CHURNED
DgP22i3gmu9ZJdEWin1WFJbJcMyixY64U9Xz5cK9bHiM,7,-0.1988760601,-0.1988758612,ACTIVE
CTMore8Rp25SN7oDWLtbPpQvUhg8vHv1rhgayp8bjfsp,89,-0.19983188,-0.1998322189,CHURNED
3V43pLqZKHNwdhMzFKqtA4ni2qmAkfuPHB7SVt8FJajA,26,-0.1999322297,-0.1999329043,ACTIVE
98j4J1Ybnj8YAgTWJ59zXQ9KT2HUvy6RC8FJyc2JuL97,17,-0.2003723057,-0.2003725926,CHURNED
7iGU2ZhjTFWmGrp876WDGkjwkViu57pBLTHVTek9Q1wU,3,-0.2004959735,-0.200495773,CHURNED
4iJiMw96ANrV9vZeyhCrZVh1o3H4UYK1qVVayiw5j2Dr,5,-0.2029136506,-0.2029136506,CHURNED
DybFyM8YScLAHvXzG6ahfashyggPQEQjEKDQsv9ea4AJ,12,-0.2047542775,-0.2047554131,CHURNED
DYAWCRaDLDNzrhgRghCt8PY2ADJaxgFhBWGER735BH2W,78,-0.2062415896,-0.2062430612,CHURNED
4aSAwGRYKPwgQAV8HbhtT5Z76bg4huYCfrAB1Uq28yUb,51,-0.206974333,-0.2069736165,CHURNED
DyiUz9ZVd7vmYi9bsfGkNNMrcuDYbBvsuRuirdTmetgm,127,-0.2077317333,-0.2077315713,CHURNED
Akw58c5597sTCeDL7dAUv37u6WZJZ3vMefMnNpv955tN,23,-0.2081801308,-0.2081801381,ACTIVE
A8CRS2Hi6CLf6PhdKEzXfLYyMKJvJBx3hoeYhb1pgRdR,3,-0.2082160125,-0.2082158043,CHURNED
6yCR1BDXmdcmEcG7HgPZL6ZjiDWWFTbBiiayYmkN55GY,7,-0.2096061906,-0.209605981,CHURNED
E4Jkp8tXCDwt5MXndy6SGagGwAh2jAQY2w4mvmfWAANL,15,-0.2099025349,-0.2099030614,ACTIVE
En9ATgzwNKoPfGH9z6oVb35N2Do4rUwxn17Zdm5GTpKt,58,-0.2101438774,-0.2101443173,ACTIVE
8wHRKDNzNNxwYhzpqNmwQMiEYcVL64Bncym1R2kFDn59,9,-0.2112341317,-0.2112339205,ACTIVE
BxSenYjdHjCYSPoFrrFYTWUA1MqEgMKYwSjGxdo8YySZ,19,-0.2115226776,-0.2115219846,CHURNED
9JzfG9MP48bMES5PCNy1QqryYNYovUwCtsGHsAzQpPjh,6,-0.213496911,-0.213497338,ACTIVE
Ap5aWXiFpGLFphn7AHP2JA5gDpZgCcWCc3MZuKQzxv6C,12,-0.2139661822,-0.2139653498,CHURNED
B1TS2QPu9RAVSBM3g41ScANoZYEPPt9w38oU2XFajNJn,8,-0.2147316481,-0.2147316481,CHURNED
2vNkhGPMFkcMN68xN7jHCYtqztHWHp7wKccejDfUEA6X,9,-0.215507059,-0.2155068435,CHURNED
CRyEaQXU7Ex5byBz5ibaZy9E1PvYzJNLwH665QKtm5j5,164,-0.2167709884,-0.2167686101,ACTIVE
7oK5Crbk1TGw4x4TWqXi79kRri6VkAW1xSsWCGHcxhHX,6,-0.217644964,-0.2176448835,CHURNED
AYmfTKhgC6Af2t3jRNvg2VnKrVXtzPVZD5z3Voqruf5i,29,-0.2182557881,-0.2182554318,CHURNED
4HQpvn1vXez6MXCj5cLyNa34AGzxnoUYecrzqwk2YgK6,5,-0.2182884197,-0.2182884197,CHURNED
659cemWhXW5MvU9NtWPohNsz5ozaczHCxfyKU1WTsumK,12,-0.2183068049,-0.2183059829,CHURNED
AVsrtYXkMdkZi44QXDKUHg9p1BWqpMbK8m6hGZgQLUMU,7,-0.2186532116,-0.218652993,CHURNED
FgR6PJLjdg5etDwTieBxQPMik569Z5hRbjoY9JrkqaHP,79,-0.2186839703,-0.2186855147,ACTIVE
42cnEyQqxjfsiHsWtKC9xNgaAMH3jReyWoVVxWQVqEGh,14,-0.2194361023,-0.2194358761,CHURNED
5C86MgeMAhNzo9vh8QmyR5Ymc9axPPPBGmngd4rc31yf,6,-0.2217492307,-0.2217496556,CHURNED
6aH6dUZDDL7HeBVuvuDb1A3woGTM6kFrsknFqbVc3owB,25,-0.2233164299,-0.2233164299,CHURNED
AujqsWRn7XiA2eq1BHcMpRRyKVsmC3CQpBkKwUkuudWo,34,-0.2236231811,-0.2236225856,CHURNED
GDJVLnBQwS9Yxzfw5nBEvoZqFAsxWPDBdpiUvyN8z5eG,7,-0.2240555562,-0.2240553322,CHURNED
24tUvFXmHDWkfBuwaPaNd2yP4vjg72uHcVCM3RgWQfuQ,24,-0.2270448847,-0.2270453397,CHURNED
CHL9uT2gNnBCCzc6x3Z4QHxH1zBFRjFFbszJga1ZHKrw,9,-0.2294105606,-0.2294103312,CHURNED
3Gb8Ghda8GTWnqrXbCodG9ABrVJC3Dr5W8Lyeivwyvoz,4,-0.231564984,-0.231564984,CHURNED
BnUWZyXfKT5f9x2cw2dHXq74XLCEgYsLHoeL14QSm4hh,21,-0.2320042478,-0.2320040158,ACTIVE
HVUqyYTfLQJ6c3MXW7PuRXBoyTdWUkKkv7HuNqZof272,5,-0.2322679922,-0.2322679922,ACTIVE
8jttNG87MJm2T9dF9QXPBysu3SBYSW4GpxqW4qfm4HoF,8,-0.2340447352,-0.2340447352,CHURNED
DzWufdP7qFnR5h6EGKqzEzbJKpZFMWsxb8DAcTNjD7qR,21,-0.2350068214,-0.2350065864,CHURNED
7zibwwQy3XAUYob3j5wtt3jXvNbhQczcSc9qWNpMHDYq,13,-0.2359773214,-0.2359770855,ACTIVE
9HySPcux6h2x2xNArSq4M5FQztnZmLnddKnjizH6fKvm,14,-0.2370638353,-0.2370646968,CHURNED
3AnjgCm4qwXoy18QbJPQZXEnxyWkZx4ymT3TkkL7H62F,10,-0.2374153842,-0.2374153842,CHURNED
7KM7C7J11SQndmSbksidUMRP2DqMPD1daAV4NBeztfXq,42,-0.237907263,-0.2379082702,ACTIVE
73DX2ThBxMwAyAyZ2eXe66a3QF8nRGGPBt1APYNiSEeA,15,-0.2380374811,-0.2380368842,ACTIVE
3P7P2JRC2ahu3G7XiLdNtoQKSgGcBS2jf32L7bfz8sgX,20,-0.2388467053,-0.2388467053,CHURNED
6ytA1HXcTxnrpqRMWT8jt8NtftQTCfM2H1CgEYLK8bBc,18,-0.2414858948,-0.2414861251,CHURNED
4Dwg8C7gWX8yLWhVk8LfzPf2CgBy5dQ3j8TPshxUM33R,178,-0.2429479046,-0.242948699,ACTIVE
3je1CXj6SHyFGWKeGxdWfuNofgh8Xf4VSeJ7YdvjjG1Y,37,-0.24379766,-0.2437974162,ACTIVE
mRCFu3GrYe2bwHduVQ84ZAs6TEjBFP5GLHzXPyJZywZ,243,-0.2444301236,-0.2444313671,CHURNED
HjLXMKRb22AcvCGqnvFVbUKSh3ZaVP13Ud91DmPrseNX,11,-0.2449180093,-0.2449177643,CHURNED
2sQT2pxnCcutZzK7pRHhrU5LHtEXgqeUzd6TozzohWni,31,-0.2454179667,-0.2454174758,ACTIVE
4TENgzAog5v3DCCSyCKbpsFFyaGc88XNfLqcMfckD1Gi,126,-0.2465899739,-0.2465911374,ACTIVE
upQCPT6Hmgj7VDKQuTHP6fp3zqyQSfG4Duk72kpLyH6,80,-0.2467089171,-0.2467089171,ACTIVE
CZx7VwSWXKwTUawzXdVb5pG3irV1udxXDA5yPwD6Cn1r,51,-0.2480314741,-0.2480323226,CHURNED
8juAmhSUKyGEn6PtVWm558q2ZEQx6KFTKTpt3m8kx6SE,2,-0.2489908815,-0.2489908815,CHURNED
Bt3ugpcxisuiWx3uDp9k8BL8vN64eptxRrzMT33nmRrZ,42,-0.2496150882,-0.2496153878,CHURNED
26SYDrkQx3HQ34A72ZBawWuzfxujRTk1s1aCdUoY8MuH,12,-0.2500134547,-0.2500131483,CHURNED
2KBhHFrNgq46St9FFB3U26AfJmjL6NtNtkhQV5JKM14x,129,-0.2516337166,-0.2516335613,ACTIVE
GwaUiG6GSqR8u9gWFmCTsZJ4C1FDP38ZEDvapYumEtAg,69,-0.2528502092,-0.2528501309,ACTIVE
JDe1SyTCaMyohF5przsvQs5C8juoJC7P52NThX7tgw5E,58,-0.2530586993,-0.2530593488,ACTIVE
F4GMekAYuv7LBMbupMCMBezCsfrt3QF6sEVRNtBhfhv3,16,-0.2549419804,-0.2549419804,ACTIVE
FkThJZWctVwyx62mm6KY5Gyy1YcgNMESJYvSHJ9PA817,8,-0.2598570895,-0.2598570895,ACTIVE
EC3xf4PzqMUpbzpN7HSJb2mqnFK9tC71ax8h2U1ZAFZw,42,-0.260948695,-0.2609488961,CHURNED
BqiuDRfBi4CuXsrpXwSU79sMudThdUiNLYJbbniKk6op,12,-0.2613373831,-0.2613375916,CHURNED
4JAWBv5GMyKXBcSRHnyBaKKSu8ZxaL3E7sbXodNY85gc,4,-0.2620002797,-0.2620002797,CHURNED
9hs4fmtUWAotr87gtixFf3kAwZpL6yr7pmDRM5sWfZbS,24,-0.2621463583,-0.26214656,CHURNED
6xNcHt3q28GCuYNkRuJDM3mReqAhbr67cBw5j8bLmLnr,291,-0.2630903566,-0.2630919973,ACTIVE
78iX6Cf5hhXfNEfirbXeSieyU33SzPms4MfepgvPRTh7,33,-0.2637473009,-0.2637470371,CHURNED
G9aNvBamMpQebACR255y5w4TZuVn9jnnWnYhXXs6hJUN,8,-0.2646224561,-0.2646224561,CHURNED
8G6nEswyDfyeUX7aLs9Pb2pdjCDUtW39pr4nJPZ6e7tf,38,-0.2646646317,-0.2646640305,CHURNED
Bf25Yn16i1DLBUgs63M7sU3a84pHXVK5QQbgXCYCYZYb,8,-0.266412067,-0.266412067,ACTIVE
7PAibCHmRtdS9amGuxhGz4dtNALmN9hQiH1TjpZnALtE,68,-0.2669045967,-0.2669047589,CHURNED
5jxxYgz5WGGcBud43Jq7R8bubQubkiSnQCujg9udsgJg,3,-0.2695679467,-0.2695676771,CHURNED
VrAZ5xtmYuuoaFtSrNEUzRk4zmuDUdEpLc11JjzaVJL,10,-0.2698769964,-0.2698769964,ACTIVE
BuhhRuQ5qBdjy61ynYqyuZ7UH5hiAoWeZJGYCVLSGGDZ,196,-0.2711872266,-0.2711882028,ACTIVE
GkUbCgC5B2b9RRKrHYax9BWCjVoq3n7ZAyzjp9GZ2QZo,27,-0.2719231312,-0.2719228593,ACTIVE
GdTXktf3hM7RAAbeEyJV1vscVW66YwBR3eFYP3usMtxB,24,-0.274653848,-0.2746538429,CHURNED
Hkwq79cqBW8LBvXGxb9sE2LGcQqpgGzkgNLtZBC2Gbpd,1,-0.2765883788,-0.2765883788,ACTIVE
5d4E3FZj6gCoMLjcvD5eynEeJWHUQvCArrJdJLqDpiEH,19,-0.2791991534,-0.2791987206,ACTIVE
B4m9Vv9wrka2rZoAZtZ8v8n3jy3x4GkoQKpfy4cVGk81,150,-0.2798414749,-0.279841907,ACTIVE
otkd1pXMypiXoPPhTijJHZiQwF2hPiiFEt299PQr2nK,19,-0.2799191743,-0.2799196501,ACTIVE
HF5TMGZdmVn14dTFpD36awrJE2kMC4BiAj46Ja1ESiqN,9,-0.281490252,-0.2814899705,CHURNED
2fivJGsqLrFNaKKeRvKT7ku694jTM4VTEXyWsyqhyjWn,16,-0.2836594208,-0.2836594208,CHURNED
B9eP9zZHgPUPi1siV17ptbFPKZLv93fKKZRSRSz3Cqam,3,-0.2851178332,-0.2851179999,CHURNED
EcDLsow83ac6CNfjQfEyHWW6Ain1HXtFwZB6zcLRwVx,158,-0.2861852721,-0.2861849123,ACTIVE
FeuosSe6qNvRbBzEjGMkGRUatBGVP3KcukyJgdsmUukJ,68,-0.286305028,-0.2863044949,CHURNED
4UhEMFynTRH5e97bohtDcRQMWc9Yh4UbNf5SEPtNAZ5V,10,-0.2890401779,-0.2890401779,CHURNED
E5uw2JmqmLxStewQ3hayavLbPHV97NGoNER92dS7KrkL,20,-0.2947639759,-0.2947639759,CHURNED
J828XrKnLzWYdALwJ9acuQTq5PpQXAE2rRoJakPQx5vN,14,-0.2967964097,-0.2967964288,ACTIVE
HRFPYozADqex8xrnwB8gfBBe7wDePnSiG1yTD9xtjDHT,12,-0.2981967323,-0.2981961184,CHURNED
5ab4KoN2L5ECPWk67myTK9V3UjHbiwKzYHdMhVqVnuNY,11,-0.303894998,-0.3038946942,CHURNED
A6yQthq2xkfGc7SWvgwPfRkb85F6jmJezr9a4YMpJBtz,32,-0.3063238594,-0.3063238594,ACTIVE
5WVf8JRPvoLX7eRNYPLH63vG2ELwBx6sSakkAZFqiBHq,2,-0.3064558887,-0.3064558887,CHURNED
5PoDixRStzNnaXdB9UcZsnmTy9qFRfJxDbrcQQg77rfJ,10,-0.3088517917,-0.3088517917,CHURNED
E2h6bzTNKLzSgD9djaUvYFhJoGv8bo3AMQL1qgxn2GBs,69,-0.3096497145,-0.3096510138,CHURNED
HXsZ2Bmd39Sxup2f81fxervfMyT8mdV9fYGJYSzarJJS,14,-0.3100485144,-0.310048463,CHURNED
Bdp8SeviqoicQENFx1xHVLFkHiyTU6aZ954WvMmHLtZV,8,-0.3111794882,-0.3111794882,CHURNED
ap8PANAP7fzfCpnv8WzoMHA1L5Ymd9VDPD44k6aFoe3,30,-0.3112805184,-0.3112804908,CHURNED
C5PQBjNnJfySvtqEKHAz37ErnEiVsWo4f6KjRsSeAskF,7,-0.312186105,-0.3121857928,CHURNED
FKYU3CQUG257bDSMvajCYaLdhpCkXoPEBTa7tVm2274K,9,-0.3126632592,-0.3126629466,ACTIVE
ENRii6pfrmQvT1Vf3Rn393sntsz48etFDr45hpn8TZKx,80,-0.3146990838,-0.3146990838,ACTIVE
7SpKxt1J6a28c4MvXgYxHmNpNymhw1h26GbsAR5DMaxW,5,-0.3147638667,-0.3147638667,CHURNED
26cBa4KB6Y8hq6DfcBadTp3a3saXvTvLdnd8sMweT6jy,1,-0.3160080145,-0.3160080145,CHURNED
DV6PyMWtWt4T6W8SUR6p9CHGZR9pSFPHuSnAfPbpw2mu,14,-0.3176759384,-0.3176770908,ACTIVE
CyfDNP3tqVBNoQGXQ7udLigRMndn9b2HTM5HkqZQPNeZ,5,-0.3181395822,-0.3181395822,ACTIVE
BFXNH8XKHjePnEYRwkZY6fPwfbi6GRTxNoHMQjqEDm5B,8,-0.3191240272,-0.3191240272,CHURNED
H8gMia2DGcs2Cwt2K5vMJo4ijWauootX8NynJYzh7hiC,22,-0.3200466648,-0.3200484203,CHURNED
AvYqctEvEA9RT4xzQK5ERNaBwFyFJVE4rP496gHgFWe6,105,-0.3219347606,-0.3219350592,ACTIVE
6nDhR8z7SQ7djoELKGz1kXzYBfMfWc6cDXa2HDbkmG2g,45,-0.323123852,-0.3231240373,ACTIVE
9DW9cFeN6haaf42FjG9BThBydkDZZzHmRkqfmxiRzR5Z,63,-0.3241903516,-0.3241900274,ACTIVE
GoarWhysyToxi1ptwX4ZNUw23Kt8e9ybfBY6RwegTAUG,13,-0.3258785706,-0.3258782447,ACTIVE
GquaL5vZpjTxyjB7KE9m4JG9iqR5hQnj1woTwh6D5jUD,88,-0.3259195924,-0.3259196857,ACTIVE
Dx5z5xUF764mwE61h42RW4JHhPANbk6CmB8jDED5DNXe,12,-0.3299750117,-0.3299749237,CHURNED
EWg58mhjYwnMbyYsYs4WkDzJRSs2BHauSkW2ew4nszNW,11,-0.3318095241,-0.3318091923,CHURNED
4qRFum65L3XF5YBd8WxcipjgiZFNUxLFwVwLgthiWE7F,49,-0.3321622236,-0.3321616735,CHURNED
FkXqGgkruNEr5TqQvf5Lv68U98arqeh5qfrgwQaPeYGJ,15,-0.3342521388,-0.3342520409,ACTIVE
7NMtxyvTgT8L69gpHVH1juVearrHEKnv4AZPfjdVZ6N4,16,-0.3372709639,-0.3372709639,ACTIVE
5321jQfV3Jq84FdgPtSgLhzXzaDYbuvM6sqs4APtyjgu,13,-0.3393571122,-0.3393567728,CHURNED
B6CRAF1VB1cqCwxoG8DzZMdXCvp1Ereq5GqirUESKiPB,38,-0.340275283,-0.3402748849,ACTIVE
8PQaL9MvWt3FLHFy7xnkCK8UNXkagy6SCYaFshWmsNu6,8,-0.3419339434,-0.3419339434,ACTIVE
HQeCip7HaVDppBXnDFJM8AvYGxWtSf1WgouAqi7FnwSV,27,-0.3458705283,-0.3458701824,ACTIVE
5bgy6qxyTNxVFthFm2N4P1tVXnKdRzpqEkbmb4x8Y3Gr,38,-0.3495488205,-0.3495488838,CHURNED
4tSXLwhq6CvHZApo3o82n2rf8ZNm8ANr41cRip29opZE,30,-0.3500499853,-0.350049776,CHURNED
Ekj7Xa3wNL9k2U3DksiApRNo3P4Aqf54p13XGTmhc9Qa,14,-0.3500625886,-0.3500637886,ACTIVE
J5oxUxm12rsp5AEhTdsmMQTWgVmgzhAcY1BafguzoizZ,16,-0.3515309167,-0.3515309167,CHURNED
A5pqXCvYsVF4BkgKsYKHWmjyVjUuUpdqa9drxHGj4ch4,19,-0.352431531,-0.3524320736,ACTIVE
EBWHeQZY7FW4Ao264VcgkSDMJj4MFPpXHJ9dH6wMzhHi,6,-0.3550346008,-0.3550345476,CHURNED
HvvhmvEf1TBSutoaaLeNpBbPjkVtJWryFHPvgrKY8UPK,95,-0.3629177967,-0.362918631,ACTIVE
ETXZVk7wzwiSKhNRpishSszHcxdPYGKBZPpnffuSyaen,153,-0.3634060149,-0.3634057387,ACTIVE
3XJTDmSxFkDt8yVtd2utZ4zCGgAEAALf7XqnDwpKaFmQ,22,-0.3663842507,-0.3663804966,CHURNED
HeeWBpKMrMaK3uMMUsgKoSHhbNxsm5HNCZ2M9i5efM9k,13,-0.3665808483,-0.3665804818,CHURNED
EnKC1ewYxR5gbCx9Ng1KfxTjG4wjq8fj2QBmha8XeNhm,34,-0.367049091,-0.3670501831,ACTIVE
8765iYpzqo2gSL2eHrvkAo9zhrV7BT2MyYkHNJPaReGw,10,-0.3674622857,-0.3674622857,CHURNED
qypVUinqZaCdtD1fwjGKGeVBmfBiwg1Lkgrg77kB9XW,20,-0.3713304963,-0.3713304963,ACTIVE
ErRXDmamC3cUTNnseiX9vfwseQMkyh5WUGZQjgJpB6Af,4,-0.3744930726,-0.3744930726,CHURNED
4PqWbiUAFS2QDWvcphZFNK1fGxffWSfiWpq78PLRpf6k,4,-0.3753363412,-0.3753363412,CHURNED
JAeAoQbrn5hza38B2tvyjZj1bLt4ufX4BB9c6U7LXd2P,9,-0.3839655107,-0.3839651267,CHURNED
9UQ8MYsmnL5EdAZwmiY9CgMwMUhytQZkvvm39ygzAv1M,7,-0.3870504545,-0.3870500675,CHURNED
7xB2xobYhYgMJFgxVE6UPtND1AJeZGCQRdUNz9xoZ8de,8,-0.3899029899,-0.3899029899,CHURNED
BENhVFSuPb9p7gdtGzzuvgKVGssFEsijF2JJrCN7qCSc,22,-0.3921240228,-0.392125159,ACTIVE
8KaHTTN97QC3nusZmEAjC264w1fLsuCRTPnyMjnco81t,23,-0.3989333218,-0.3989351256,CHURNED
3ZYWJiGPWuFFVJvKzHTPW1F2NAcN8YWyfRV4pibg6HDu,11,-0.4001939965,-0.4001935963,CHURNED
DcsLShVqHhMhgBSfuxApAdbEEbXoKQpyFEhpCVj4GXEV,5,-0.4028712134,-0.4028712134,CHURNED
EkhYynEJdqypXkCEAyseLaGsemwp8kCo66pHRtR5Ru52,32,-0.4070723976,-0.4070723976,ACTIVE
6jHP1AhpqktiJCk3dMQqVCbyR7HRkKVhxBLx7g9SB9HG,5,-0.4095946,-0.4095946,CHURNED
s1NP5xjKx4bLLkDKDdFdYZPXZrzDcbgbeVKuY1KVmQX,18,-0.4123950592,-0.4123951933,CHURNED
AYBruNKqUo8tWJT4ueLQVFP1XV7kf92hByTbeKS7CtSU,6,-0.4129037066,-0.4129042853,CHURNED
NCix5RcaueHZdWb5WrfcWAd5qEUXnt2VYdsLVGs81VF,25,-0.4150929223,-0.4150929223,CHURNED
83vDE8JuzY4p2ESnWUDrnwx3rfg8Z36YvvMn2yu2Xacx,12,-0.423643355,-0.4236428182,ACTIVE
4TdZ63twq1iAFs734kpFKMQiP6Lmh92jmx72m39QQ9pQ,5,-0.4245521269,-0.4245521269,ACTIVE
A7wu8QbvJQB24sg9Ybp7tmhhSjCbyEiPtWRhb23VNByY,16,-0.4275168695,-0.4275168695,CHURNED
5Ya9wwMygtJjJyc3JBjTFwHPGRMrXeWSEn3aRGNhiEr2,21,-0.4328614742,-0.4328610414,CHURNED
AwMGcxcYtD1yWRETb8Mgr51VKZucVj3LRneGnoHgXjoq,20,-0.4367182134,-0.4367182134,ACTIVE
7sWiS7ns8aaKH66ogH6etynmk3LW8vGrLUPE3yXBkGMr,9,-0.4415015912,-0.4415011497,CHURNED
GTUo6GEBTkDCJgKga34peTZEcZNG9pnFnaYdvTpcgofe,63,-0.4416058892,-0.4416054476,CHURNED
3CBKoacDpEqWAJbuXwkbctXvP4fAFVXsgxzf1suGoKzS,4,-0.443677261,-0.443677261,CHURNED
FjQiUQzsbQfCebNhWuriL8PjgGbjz5Q8D5uHK6b6R9Ef,11,-0.4446766631,-0.4446762184,ACTIVE
CJPd3VEUMbFwpKV1TBY3soeY2t2jwd2E7pgj5LGZAa2m,13,-0.4505271957,-0.4505267452,CHURNED
8jmqMisp7mGdE7UtXNkdxTrVR4QiUGdPnZUhRt9hemkk,13,-0.4569429288,-0.4569424719,CHURNED
CsJyHv6aUQPaeoE62AJiUKvCSnZGmUrX3i9TTi9dssZz,26,-0.4674854929,-0.4674866969,ACTIVE
EXuY4uSzk9XoFwithnsknheJzJhtxUS9pr2BgfezMC4s,4,-0.4679186133,-0.4679186133,CHURNED
xS2tGsKxD9Rp7V1HAn2dtE5MPEPArdPKdAa3TC2TNs5,25,-0.469320763,-0.469320763,CHURNED
HEHZRdmgMCWP36T4sFDb5iyNpYUAnLcwxZkX8e2pLJFW,64,-0.4698207967,-0.4698207967,ACTIVE
FbX25mmV1UwVAogKKoEMgxBddaVDzVCFWCJHsVR3pAE7,7,-0.4703600921,-0.4703596217,CHURNED
HiX6hGfR1oZW8CLKeRm4BpEqy5PbeCztykagkgecwEnX,35,-0.4745840355,-0.4745836323,CHURNED
EkEjeHCYnq7q8bWpNzXDfWYdSyrQrJR5vfk4ms3NynVr,6,-0.4817845294,-0.4817850545,ACTIVE
CwbMaPScYb1awPcsohahQntrqdEBeSj8yfVXUnKgoPuy,7,-0.4885909875,-0.4885904989,CHURNED
DXszAnc6w5siUCC5jq7Dr5YrNvbVMx8FjCXYNCX6ZYtW,4,-0.4887695104,-0.4887695104,CHURNED
HDK6WQFqDU7aUrgZ1Ledbh6zZEAa7hWoifbiufXzBqjF,6,-0.4967758605,-0.4967762209,CHURNED
Hd15SXbmxRcY6NRs1nRSQXjGeWihNZvQ5VCTw5e7T7Dp,110,-0.5036731893,-0.5036727878,CHURNED
TBncKD6vMN73sDLCSPySuU8FKCNDLaWbULdvK68LJgo,7,-0.5055487664,-0.5055482608,CHURNED
EKhCp2ynrrQDVnB2ZFjZBzr5deywU2hAuPMK64zz6KSq,10,-0.5137233962,-0.5137233962,ACTIVE
Cnt3VnZYaZwoWWE8t2vjouT8XdHAdvovKouhk5R7b1BB,5,-0.5234324345,-0.5234324345,CHURNED
FeqzUnas6ycL2YJd32npZASemWxWJhPeyoTMwbBfTJiA,189,-0.5310460668,-0.5310455357,CHURNED
DEQb7C98hsgZMz59drZh21Rt5y35hXYkDfmrsCK4YPGx,17,-0.5430089662,-0.543009343,ACTIVE
E2fztzkn27QQ94aw4Nqux94HsC6c3ryZoqcZfUko1WTF,3,-0.5454259082,-0.5454261913,CHURNED
54k2vn3A4XpyAD3edmfpVXTWR41AcBaBuF3SdDuyZmJH,45,-0.552176472,-0.5521774133,CHURNED
ABUPbNBbtshsr64sTQo6XXPga7R7B5i1v1vJA6Xz3nps,1,-0.5548004,-0.5548004,CHURNED
EzNFPWu3BZNgw6vkEP2titVMfxQwyeX4UibmjFix4ry5,248,-0.5665681211,-0.5665691659,ACTIVE
DxnFJvC8xbHcBK4YoKi1f3kRDiXn84r7TJ4X82Kuwiqq,56,-0.5709382595,-0.570937917,CHURNED
6ynreD1taKm4di6MRPTxdKWx4TRRr9ShGQgemhPex9ff,1,-0.5767065396,-0.5767065396,CHURNED
CXxGbF7JwSUUXZ4G3w5FHKVdWCZmXvFagQr24mCYiRpe,15,-0.5827074192,-0.5827072082,CHURNED
HQ9KGK8FSBXGRXR33fDkWhebYKTd3tYFKpcbSBG1Zcee,64,-0.587273398,-0.587273398,CHURNED
FyfRidd2FatRvJ4Hwnv1vmV1fEGrEYbrrWHMq1Mkf3iN,3,-0.5888255658,-0.588824977,CHURNED
2hYvAn94FCuhoS1LU6zNcAGcrkxZ2qSCHdHvo7zF5zQw,7,-0.5922695252,-0.5922689329,CHURNED
2epkmbQPHgsMVD834FcVgZwZhsSN3MD6NMXQW6xgP3Fu,184,-0.5966402195,-0.5966406733,CHURNED
DZVq3TGDYbuLQH265aCDbm1BAk8oepb9ZzpKnriANV46,1,-0.5987911901,-0.5987911901,ACTIVE
HT7GgpynTcJmRM2A4Fupi1DHHx5WaPYAHKXWyFYwhKf3,763,-0.6148482328,-0.6148480485,ACTIVE
9adm4J6bik2WJZLmYLzHkF6ESiX6C97AtkTopFVQCkJf,1,-0.617860228,-0.617860228,CHURNED
93nRQNtcamyUAovXB9TUMjaBzKbh1xfQuwqYcqRyfyEd,356,-0.6195988459,-0.6195994676,ACTIVE
4pb8j6ZisLd4vDuqpsVnh5e2J9mFr3adhBkvvEzF2SwD,19,-0.6268876,-0.6268879094,CHURNED
5sCKP8YTJXpB5hCDw1mEQmYe6aPGAvHXsLNwwLoYYTwF,7,-0.6319033744,-0.6319035876,CHURNED
8D7eqU2rMXrzyd16cjVCMGTtu8Dy9p8vUzYu7DujEWMJ,17,-0.6327764354,-0.6327757087,CHURNED
DTEMvSLFVNY5N2tagVcMottM4serWZf9RjkRwGyPPesK,2,-0.6355117693,-0.6355117693,CHURNED
ZEQwrB8KTVEqaLmxCSGkkCbQKwW1wGjevk3QAjptffD,24,-0.6424515201,-0.6424508498,CHURNED
ErjrcEX9TsHWLCMmUF1Mmy6VyAHEQhPubkvqdo5fJDqS,19,-0.6445823781,-0.6445824904,CHURNED
5W2ioramB1Arkopzjo6N6amYETEAc6iv1WrLKUifXFhp,17,-0.6611029954,-0.6611032123,CHURNED
C3cMRtjjz6FivfzMr3D1nvnaEEoz2emX5X7BJCsHb42D,23,-0.6668545191,-0.6668547415,CHURNED
BoEa7AhfGqnzZF7vFWsLYraAzqykSQ91rZUWFScEdt7c,20,-0.6729366954,-0.6729366954,CHURNED
6Q24TyLLmpVvtQJWtenALYeJH4sL3QDSESgjH2VzLemi,77,-0.6777404801,-0.6777398024,ACTIVE
JBxraUnjXckMvh51cBia6DGx3VASyVxW8K8aCxppBRiF,23,-0.6826038166,-0.682603659,CHURNED
C36vm4pcJKmUtWzt1tkgSsJfdzhbuVmp5esCGciuQYkL,3,-0.6851547914,-0.6851541063,CHURNED
FYTzJ5fD9qeBfGLTmmcjkFUsxa895Czzqk9Xs8K6jEik,6,-0.6861458441,-0.6861462992,ACTIVE
DKnqncqVa13Z8g3iTNErgCxy5v4dFy3tBZNwWvCVdyMT,22,-0.7033763372,-0.7033775791,CHURNED
93Z8JHG7oT6PJYwTbzxk8ud1mKCSBv49hn458b3zj6be,36,-0.708081356,-0.7080822139,CHURNED
7udCgKyza2CktC2ogYGQasRWwxxxGiCqFWzRyLiMNw5J,16,-0.711752456,-0.711752456,CHURNED
6siVg7wNtk2TmPCkJ28KruZMCNNDWpLjWZXyQyxC46ES,22,-0.7123754058,-0.7123760275,CHURNED
g2bk5EpLE2QujsHQFnJWBqfQcnnLoHdeax9YzBNdhfb,21,-0.7163485188,-0.7163486345,CHURNED
DLgBEWcn1nbG4KMkFwB5YtsZC75eia8N2sHbs9MAXHBG,16,-0.7176310484,-0.7176310484,CHURNED
4WGpPPqW3uR7kQkAMTUoXLSGVtgckfvA49es45FgVrHm,22,-0.7190447277,-0.7190460488,CHURNED
GsEGvNCsKEtiLfcC83NY7LmJhatsWAA7FpYSA1PxCnkh,23,-0.7230397047,-0.7230394724,CHURNED
DEuvj7XaL3dsCKCYdHpHBEziVvyJGxDmUtL6ZTYEzz2E,62,-0.7328873877,-0.7328867813,ACTIVE
4caocav7qFPvy4jR9QEUaL9od7ioxCGjVCwTx8HeeeuF,22,-0.7330328931,-0.7330331979,CHURNED
mSYy1a93Ae99C6b8iL8xtE2vo9VMH1deAd4MsZiPM1R,5,-0.7342025199,-0.7342025199,CHURNED
m5guktCkQ14YMBzAK3F6jU8Yv2UHNVFxF5HUeUixqNp,18,-0.7401725967,-0.740172915,CHURNED
HSUcjpQwuNaJmybFdohpegkuMYExdq4WCW82uThT9cjw,17,-0.7433202483,-0.7433205688,CHURNED
6PNk9UnwcrtVfv1acLeJHod4xxiiEL2kJSRSP76ckBsr,22,-0.743796931,-0.7437973846,CHURNED
6V1w71bun7QsasBRpKk5LqPyXzNdn7yZBuu9kTvDAYEo,16,-0.7447171918,-0.7447171918,CHURNED
Es5APKhuiiqqJ36kAfRTDXvVdiLEJS6rTpn3ui1ZoiNp,20,-0.7452259711,-0.7452259711,CHURNED
GbqqcDELWmoJafWZwrHuGGBdqPJAPL7xDD4MwDHtzYCr,18,-0.7484416682,-0.7484427506,CHURNED
EWZREjDGAguwVV1rdt8RbkbuNqAnXhtVQXpCd26dLA8o,59,-0.7484694891,-0.748469023,ACTIVE
F389Srpr3GiS4wGGRnNYwhz3ivkCqUDSCND9T9j59vWN,19,-0.7528622732,-0.7528630427,CHURNED
Dw3279dq2NShrxAJW9zC8KLHuHwD67ZpN6ZUMk8dA414,8,-0.7588226481,-0.7588226481,CHURNED
BamJf2steF3b4Dj5QYZuHpm7VfZLoaHCY4em5G6K1Adi,5,-0.7631458119,-0.7631458119,CHURNED
68pFTMsQfdfNWNi9hVQUtmU3D6qKiS9VvCUpmJmCxR3N,24,-0.7646904835,-0.764690457,CHURNED
Bxz5QsEF3yWTx5fFDwfvgoosrfb5WpH2Jwmi4q1hePKz,22,-0.7654183306,-0.7654186819,CHURNED
89RYqKsRSGdbMiUdjK8wBqH8cWMQ7n8sdijgreB65a8b,23,-0.7664178491,-0.7664182168,CHURNED
6FqaW2yoYmnWZP24QSpwpF3Tw4SQ2J87yS9AdMGqfmmV,17,-0.7678683414,-0.7678686289,CHURNED
ASw2sAJyRraapzhxqRutVkgyNDZUNHmfZySAVBaezLz3,7,-0.7709391349,-0.7709392201,CHURNED
3hgymbmrP6xZccMoPFEabeB3ohtgc7B12Tayoq734jgR,18,-0.7714465298,-0.7714467031,CHURNED
Goi4rP2gKVRujz8jPvzpkyurJ6BYdycNXudcNGy9Vn1v,20,-0.7716431915,-0.7716431915,CHURNED
FcB7KA2m3ik7abMuCmHRup7WyL5wAjbUPP5H8S9gAFa6,18,-0.7725356704,-0.7725351864,CHURNED
FbNVK7HkdgwHvTdLaZEqcVuW2hWxy793UMQiZvbPd9cy,18,-0.7736619967,-0.7736623458,CHURNED
Bbg9y5iChudemjPK22qmTwuoUDX3VeAh3nxYioLyXH2q,16,-0.7737155323,-0.7737155323,CHURNED
Gt4stvYycvAqAFi6BUzbNgi6fyGkUSAdcVy6VJ5Gj7oc,5,-0.7742214751,-0.7742214751,CHURNED
8UWGaxC3C2sK6oTfBjvZtBs4uguMpdqjuJk9Vp5BGky,23,-0.7742673137,-0.7742675686,CHURNED
DJRCLhereQVAUw17UbaBpjBgRwZkzYQg1k8JWAxP4sDt,10,-0.7743185569,-0.7743185569,CHURNED
Fu1cNP2ZiEHWjhYmVkL4NYYWLqkG25YfuY1xyrmJpvEv,20,-0.7746367363,-0.7746367363,CHURNED
DAd9LtCWjgtuz987AAXfjJ8igc2pvWyhZqrdByEg3Wrf,5,-0.7766392165,-0.7766392165,CHURNED
DB87vUG1ugPZ86qM1zsbWfWFGMvksbGYw7iamqVTgn9B,23,-0.7767289453,-0.7767290385,CHURNED
2mrYBsuoCfJC4aP3M5UpnUxn4VHrMfyV7wtqyK4jmfhU,11,-0.777490098,-0.7774901594,CHURNED
E8WUcJrdRggpiEd1cRaxbzQ44zZUsGzKhRF7u4Zv4Ued,4,-0.7782279917,-0.7782279917,CHURNED
Dbquuio1Hh7kWU8oj4yvAduu1er42DCPtpM1S5tLXRUC,19,-0.7803373436,-0.7803378955,CHURNED
4Wij5mkijr7BwAv3DNR9DiT9F6WZyg74P6sMxNPFdxno,21,-0.7820011647,-0.7820012217,CHURNED
5Dmfo7qtS3aD7uCM6pu6kEdAxrvB54QeHuicB2KBKfuA,24,-0.782356584,-0.7823570157,CHURNED
oBdjKbSpuyTX1fD6Pszf7DiwuSFoSF5T41vofmPA74v,5,-0.7859182951,-0.7859182951,CHURNED
GUoyuQomUoEBXW1Lp3U21SWFka9ctmksCY8vQrGKZf5m,17,-0.7864973209,-0.7864981118,CHURNED
BGxsEzmYA5h1U5gzEDnPSQXbTFN6adBNtfyGRMg6idNn,18,-0.7878514731,-0.7878519006,CHURNED
GqyemBnRWEA2mPB4KDQJ6WQ5EhyVhnNdJzydcNnX6pA3,23,-0.7885410554,-0.7885410653,CHURNED
Cpgg3eBYmo5mDqMD9msRRdFdp37UXxryeYSyFq2SWhyY,23,-0.7915433527,-0.7915435367,CHURNED
6qGnPw1Rbtzc7YxQ7VbaStDFX1QZYLUPpH5aUW3eYCN1,21,-0.7936970061,-0.7936970531,CHURNED
3pAKhXnHYSfBPbevhqsUw5Us9abkejK69GrgjEbYSzHR,19,-0.7966834188,-0.796684166,CHURNED
5i2DbFZqSm8hwHifqhoHChVB5N3X9nim3MhzUN1G2EGx,23,-0.7975369732,-0.7975364153,CHURNED
GxComEJYDKUFswJ6QnFK8Y5HftSLmJ1tRQ92jYh4QJK2,11,-0.7983671153,-0.7983671621,CHURNED
AwDTHijGx3G8aN9TnMPbmctB4yoBBUmQvML8kZRaMnwS,21,-0.799460902,-0.799460944,CHURNED
EKeJUrugQedDRfd4rqF2J2No7n9uzBgDUtJbYpioT9L7,25,-0.8013326916,-0.8013326916,CHURNED
7GBK8kvqxbrgWufYj3PZ5VgWnZn5AGvh36gNCLzt98zZ,16,-0.8055466256,-0.8055466256,CHURNED
7siFKmerY1Z9Ky15tqSSeCtLSmUZH72tsDTuqERpFATh,19,-0.8085825167,-0.8085831311,CHURNED
Es1nfRRay3rCSbqQ1uLYsYVaQ7sdHwzNVPS9k81GwXj6,21,-0.8128096045,-0.8128096391,CHURNED
BQ4CGHGf9QkCixoSyXHLFnhRadiFCWKxYBPsRZauBKvH,19,-0.8139134071,-0.8139140038,CHURNED
6MGMa55wCitDSzbjn5Ca6QfpH9v2bnd5S389gso877Jv,24,-0.8167090739,-0.8167096985,CHURNED
5ToaJ85TVsqrVt2XQPFDJpSrsrRSyVQQuNiPUnZALyTJ,16,-0.8205319729,-0.8205319729,CHURNED
8YqbmymebmR3RTwYHwkJQ5ZpyAzSVmi9dMVEexwdmQce,4,-0.8228253515,-0.8228253515,CHURNED
GfnsUfNTFNG3BjnVx8yWRvFHAMWoKSzVhexKfMMN2DAS,7,-0.8241679918,-0.8241680135,CHURNED
5vmNCAadPdxtrSfwNTSW8GZuuUP2Tjj1gTHCGsGqKXT7,5,-0.8256914095,-0.8256914095,CHURNED
B9WvUbBYnywYQc6AutfCQ2ZyYUiTRqUeLNS5epvmH3PW,10,-0.8268598151,-0.8268598151,CHURNED
BPAnWCVHFKZ7iP8HM8Pbk2PHChHErQ1xpNa5T9iSn3VN,6,-0.827595024,-0.8275950008,CHURNED
JCvmSGNJWkiqCxuoFDjX4TDES829cgimgEhqLnbUvpRX,23,-0.8277430504,-0.8277429776,CHURNED
8W1gRhwiLhkmtNmGsTLaotphwmz5q7bWGHsupAHe3JDH,9,-0.8284077507,-0.8284077664,CHURNED
HHQyDomuSrmXYTHBXKbicpuGX6ypxJJF3rXsJXAPytMo,6,-0.8299010744,-0.8299010222,CHURNED
AXPpA7Yf9fPLscawAaU71PsbGcaxp4rGAVrA8JqUy9i7,20,-0.8315237207,-0.8315237207,CHURNED
HpMfjG1MwahjaJPgUh3impqensiBMEwoCgRG2dZQ3TUs,18,-0.8317734121,-0.8317741719,CHURNED
Dzv2FRNKfwnwf6AuvD9co7RcBTQZkVdBzBRqKybyedoH,18,-0.8340007911,-0.8340015663,CHURNED
EnBwiY9NDcbm9vHucsAUKverGE8ZyYPLovZbPfmfYGhW,6,-0.8348711899,-0.8348711655,CHURNED
33PWWdhaESZT2ChdAPqkYcenRhMBYrGSavoG5jNe1sMf,9,-0.8385712807,-0.8385712965,CHURNED
12UARogpLJ3JiCFUZXtm4ymvsRLXocUqwnfgru8bEMoa,7,-0.846179187,-0.84617919,CHURNED
4MfrHCQTB7VSLu7BiKZBGujktXD7Tat6bdgCdxHpu7fY,9,-0.8596491983,-0.8596491856,CHURNED
GDgYUW2Co9CLHHP7rQqYriRxfC9y8Z9a9BJ1kWPmAM8K,4,-0.8612224005,-0.8612224005,CHURNED
3muEadnvrjYDB6KUYHsye6Cuc3FPCpvs4r3SkWws1BSA,7,-0.863126424,-0.8631264134,CHURNED
5Be9MXQ1VQFW51SDqdD392FAFvossqKCXqoNX4AXa2Bv,9,-0.8795514574,-0.879551468,CHURNED
5rg8iS3BGGCtegY2ABuCpdBPjmp1NghrjfTfWGLpnJe7,1,-0.8798881106,-0.8798881106,ACTIVE
EvVrCKWBFhmxuPrFDoQXLGqmzdYJ747wEKApAt2S443J,1,-0.9108263586,-0.9108263586,CHURNED
